image_name,composition,treatment,grain_size,magnification
img_001.png,Cartridge brass (70%),"Hot rolled, annealed, cold rolled, annealed",120,
img_002.png,Cartridge brass (70%),"Hot rolled, annealed, cold rolled, annealed",120,
img_003.png,Cartridge brass (70%),"Hot rolled, annealed, cold rolled, annealed",120,
img_004.png,Cartridge brass (70%),"Hot rolled, annealed, cold rolled, annealed(50% Reduction)",,
img_005.png,Cartridge brass (70%),"Hot rolled, annealed, cold rolled, annealed(50% Reduction)",,
img_006.png,Cartridge brass (70%),"Hot rolled, annealed, cold rolled, annealed(50% Reduction)",,
img_007.png,Nickel (Ni) with 5 at.% Cerium (Ce),Dendritic solidification,,25
img_008.png,Nickel (Ni) with 5 at.% Cerium (Ce),Dendritic solidification,,75
img_009.png,Nickel (Ni) with 5 at.% Cerium (Ce),Dendritic solidification,,250
img_010.png,Al-Mg alloy (5052 series),Casting(ingot),,50
img_011.png,Al-Zn-Mg-Cu alloy with primary CrAlâ crystal,Casting(ingot),,100
img_012.png,Commercially pure aluminum (Al 1100),"Rolled, as-polished",,250
img_013.png,"14% chromium, 16% cobalt, 4.5%.5% molybdenum, 14% chromium, 4.3% aluminum, 2.4% titanium, and up to 0.07% carbon","Etched using HCl, ethanol, and H2O2",20,500
img_014.png,Quenched and tempered,Nickel plated; etched with Vilella's reagent,50,
img_015.png,Quenched and tempered, LM fractograph (direct). ,20,
img_016.png,Quenched and tempered, Scanning electron microscopy (SEM) fractograph (direct) ,20,
img_017.png,Quenched and tempered,LM replica,20,
img_018.png,Quenched and tempered,SEM replica,20,
img_019.png,Quenched and tempered,Transmission electron microscopy replica.,2,
img_020.png,Fe-Al-Cr,Light microscopy (bright-field illumination),100,
img_021.png,Fe-Al-Cr,Light microscopy (dark-field illumination),100,
img_022.png,Fe-Al-Cr,Scanning electron microscopy (secondary-electron imaging),100,
img_023.png,Fe-18Cr-8Ni,Scanning electron microscopy (fractograph),20,
img_024.png,Fe-0.8%C,Embrittled by liquid copper at 1100Â°C (2012Â°F),100,
img_025.png,Fe-0.8%C,Embrittled by liquid copper at 1100Â°C (2012Â°F),50,
img_026.png,Fe-12% Cr-0.15% C-1.25% Mn-1% Si-0.6% S,Tempered martensitic; etched using Vilellaâs reagent,100,
img_027.png,Fe-12% Cr-0.15% C-1.25% Mn-1% Si-0.6% S,Tempered martensitic; etched using Vilellaâs reagent,100,
img_028.png,Fe-12% Cr-0.15% C-1.25% Mn-1% Si-0.6% S,Tempered martensitic; etched using Vilellaâs reagent,100,
img_029.png,Fe-12% Cr-0.15% C-1.25% Mn-1% Si-0.6% S,Tempered martensitic; etched using Vilellaâs reagent,100,
img_030.png,Fe-0.2%C-0.5%Mn,Etched using 4% picral,100,
img_031.png,Fe-0.2%C-0.5%Mn,Etched using 4% picral,100,
img_032.png,Fe-0.2%C-0.5%Mn,Etched using 4% picral,100,
img_033.png,Fe-0.2%C-0.5%Mn,Etched using 4% picral,100,
img_034.png,Mo (99.9%),"Rolled sheet, annealed at 900Â°C for 1 h",50,
img_035.png,Mo (99.9%),"Rolled sheet, annealed at 1350Â°C for 15 min",50,
img_036.png,Fe-0.013%C,"Finish rolled at 940Â°C, coiled at 725Â°C",100,
img_037.png,Fe-0.013%C,"Finish rolled at 845Â°C, coiled at 695Â°C",100,
img_038.png,Fe-0.06%C-1.5%Mn,Water quenched from 760Â°C,2,
img_039.png,Fe-0.2%C-0.5%Mn,Directional heat flow during welding; etched with 5% Nital,,
img_040.png,Fe-0.2%C-0.5%Mn,Deformation and subsequent annealing; etched with 5% Nital,100,
img_041.png,Fe-0.4%C-0.6%Mn,Heavily drawn steel wire; etched with 5% Nital,10,
img_042.png,Zn-MgZn2 (eutectic),Dark-field illumination,10,
img_043.png,Fe-0.2%C-0.5%Mn,Hot rolled; etched with 5% Nital,50,
img_044.png,Fe-0.2%C-0.5%Mn,Scanning electron microscopy,10,3000
img_045.png,50Sn-50In,Slowly cooled; optical microscopy,100,
img_046.png,Al-13Si,Slowly cooled; optical microscopy,50,
img_047.png,Al-33Cu,Slowly cooled; optical microscopy,50,
img_048.png,Mg-37Sn,Slowly cooled; optical microscopy,60,
img_049.png,Sn-37Pb,Slowly cooled,40,
img_050.png,Sn-37Pb,Rapidly cooled,40,
img_051.png,Sn-30Pb,As-cast,20,
img_052.png,Al-19Si,"As-cast, phosphorus-modified",100,
img_053.png,"0.4%.6% C, Mn present","Continuous casting, as-cast microstructure with coring",,
img_054.png,,As-cast; coring during solidification,,
img_055.png,0.8% C,Slow cooled from austenite at 2.5 Â°C/min,20,650
img_056.png,Fe-Fe3C system,Chemically etched polished specimen,20,
img_057.png,Fe-Fe3C system,Chemically etched polished specimen,10,
img_058.png,0.61C-0.08Si-0.60Mn,"Austenitized at 860 Â°C, isothermally transformed at 705 Â°C for 17 h",20,
img_059.png,0.23C-0.06Si-0.52Mn,"Austenitized at 900 Â°C, isothermally transformed at 705 Â°C for 16 h",20,
img_060.png,0.23C-0.06Si-0.52Mn,"Austenitized at 925 Â°C, isothermally transformed at 675 Â°C",20,
img_061.png,0.4C-0.19Si-0.73Mn,"Austenitized at 840 Â°C (ASTM grain size No. 7), isothermally transformed at 695 Â°C",10,
img_062.png,0.4C-0.19Si-0.73Mn,"Austenitized at 950 Â°C (ASTM grain size No. 5), isothermally transformed at 695 Â°C",10,
img_063.png,0.4C-0.19Si-0.73Mn,"Austenitized at 1090 Â°C (ASTM grain size No. 3), isothermally transformed at 695 Â°C",10,
img_064.png,Ni-15Cr-17Co-5Mo-3.5Ti-4Al-0.06C,Solution-annealed and aged,2,
img_065.png,0.03C-2.0Mn,2% nital etch,100,
img_066.png,1.2C,2% nital etch,10,
img_067.png,0.57C,2% nital etch,10,
img_068.png,,Tempered after quenching; etched surface for optical microscopy,20,
img_069.png,,Tempered after quenching; examined using SEM,2,
img_070.png,,5% nital etch,10,
img_071.png,0.47C,Oil quenched; examined using light microscopy,20,
img_072.png,0.47C,Oil quenched; examined using SEM,2,
img_073.png,0.45C,"Austenitized at 843 Â°C for 2 h, oil quenched 15 s, air cooled 5 min, and oil quenched to room temperature; 4% picral etch",20,
img_074.png,"C: 0.36%.44%, Mn: 0.5%.8%, Si: 0.15%.4%, Cr: 0.4%.7%, Mo: 0.15%.3%, Ni: 1.0%.5%",Isothermal transformation at 495 Â°C; picral etch; original magnification 750Ã,20,
img_075.png,"C: 0.36%.44%, Mn: 0.5%.8%, Si: 0.15%.4%, Cr: 0.4%.7%, Mo: 0.15%.3%, Ni: 1.0%.5%",Isothermal transformation at 410 Â°C; picral etch; original magnification 750Ã,20,
img_076.png,"C: 0.81%, Si: 0.07%, Mn: 0.65%",Austenitized at 860 Â°C; isothermal transformation at 500 Â°C for 0.5 s; picral etch;original magnification 250× ,40,
img_077.png,"C: 0.81%, Si: 0.07%, Mn: 0.65%",Austenitized at 860 °C; isothermal transformation at 500 °C for 0.5 s; picral etch; original magnification 2000×,5,
img_078.png,"C: 0.81%, Si: 0.07%, Mn: 0.65%",Austenitized at 860 Â°C; isothermal transformation at 450 Â°C for 0.5 s; picral etch; original magnification 250Ã,40,
img_079.png,"C: 0.81%, Si: 0.07%, Mn: 0.65%",Austenitized at 860 Â°C; isothermal transformation at 450 Â°C for 0.5 s; picral etch; original magnification 2000Ã,5,
img_080.png,"C: 0.81%, Si: 0.07%, Mn: 0.65%",Austenitized at 860 Â°C; isothermal transformation at 300 Â°C for 200 s; picral etch; original magnification 250Ã,40,
img_081.png,"C: 0.81%, Si: 0.07%, Mn: 0.65%",Austenitized at 860 Â°C; isothermal transformation at 300 Â°C for 200 s; picral etch; original magnification 2000Ã,5,
img_082.png,,"Austenitized at 843 Â°C; quenched to 343 Â°C and held 12 min for partial isothermal transformation; water quenched; nital etch; original magnification 11,000Ã",1,
img_083.png,0.9%.2%C,Cold-rolled ferrite-pearlite microstructure followed by heating to induce spheroidization; original magnification 1000Ã,10,
img_084.png,"C: 0.16%, Ni: 3.0%",Fast cooling from 920 Â°C to 200 Â°C in 30 s; original magnification not specified,26,
img_085.png,"C: 0.16%, Ni: 3.0%",Intermediate cooling from 920 Â°C to 250 Â°C in 200 s;,26,
img_086.png,"C: 0.16%, Ni: 3.0%","Slow cooling from 920 Â°C to 250 Â°C in 10,000 s;",26,
img_087.png,,5% nital etch; original magnification 500Ã,20,
img_088.png,,5% nital etch; quenched to martensite; original magnification 1000Ã,10,
img_089.png,99.99% Al,Preferentially etched surface; etchant not reported; electron micrograph; original magnification not specified,1,
img_090.png,99.0% Al,"Direct chill cast; transmission electron micrograph; original magnification 10,000Ã",1,
img_091.png,,Secondary electron micrograph;,20,
img_092.png,,Secondary electron micrograph;,20,
img_093.png,"Sn: 99.4%, Cd: 0.6%","Directionally solidified sample; section parallel to growth direction; quenched planar solid/liquid interface; G = 320 K/cm, V = 0.85 Î¼m/s, ÎT = 5.7 K; etched with 5 mL HNO3 and 95 mL lactic acid; original magnification 80Ã",100,
img_094.png,"Sn: 99.95%, Pb: 0.05%",Liquid decanted to reveal solid/liquid interface; oblique illumination; unpolished and unetched; original magnification 150Ã,,
img_095.png,"Sn: 99.95%, Pb: 0.05%",Liquid decanted to reveal solid/liquid interface; bright-field illumination; unpolished and unetched; original magnification 150Ã,,
img_096.png,"Sn: 99.95%, Pb: 0.05%",Liquid decanted to reveal solid/liquid interface; bright-field illumination; unpolished and unetched; original magnification 150Ã,50,
img_097.png,"Cu: 90 at.%, Co: 10 at.%",Casting; secondary electron micrograph; etchant not reported; original magnification 150Ã,50,
img_098.png,"Cu: 90 at.%, Co: 10 at.%",Casting; as-polished; secondary electron micrograph; original magnification 400Ã,20,
img_099.png,,X-ray emission imaging using Co-KÎ± wavelength; bright-field image; original magnification 400Ã,20,
img_100.png,"Ni: 75 at.%, Cu: 25 at.%",Etched with 70 mL HNO3 and 30 mL H2O; original magnification 10Ã,1750,
img_101.png,Ni-25Cu,Etched using 70 mL HNO3 and 30 mL H2O,175,
img_102.png,Pb-2.2Sb,Etched using 60 mL acetic acid and 40 mL hydrogen peroxide (30%),500,
img_103.png,Pb-2.2Sb,Etched using 60 mL acetic acid and 40 mL hydrogen peroxide (30%),500,
img_104.png,Ag-15Cu,Electron beam melted and resolidified at 0.025 m/s (1 in./s),0.5,32
img_105.png,Ag-15Cu,Electron beam melted and resolidified at 0.3 m/s (12 in./s)),0.5,18
img_106.png,Ag-15Cu,Electron beam melted and resolidified at approximately 0.6 m/s (24 in./s),0.1,87
img_107.png,Al-12%Mn,"Melt-spun and electropolished at -30 Â°C in 950 mL methanol, 50 mL HClO4, and 15 mL HNO3",1,16
img_108.png,Al-15%Mn,"Melt-spun and electropolished at -30 Â°C in 950 mL methanol, 50 mL HClO4, and 15 mL HNO3",1,13
img_109.png,Ag-28%Cu,"Melt-spun and etched with 20 mL NH4OH, 10 mL 3% H2O2, and 10 mL H2O (used fresh)",5,2000
img_110.png,Cd-Sn,Directionally solidified from bottom to top and rapidly cooled to preserve the solid/liquid interface. Etched with aqueous FeCl3 solution.,100,210
img_111.png,Ni33Al-31Cr-3Mo,Directionally solidified rod at 12.7 mm/h; longitudinal section showing growth direction.,20,
img_112.png,Ni33Al-31Cr-3Mo,Directionally solidified rod at 25.4 mm/h; longitudinal section showing growth direction.,20,
img_113.png,-,Etchant not reported,50,200
img_114.png,CuAl2-Al,As-polished,40,250
img_115.png,CuAl2-Al,As-polished,,180
img_116.png,Pb-Cd,Etchant not reported,20,
img_117.png,Pb-Cd,Etchant not reported,20,
img_118.png,Cu-70Pb,Solidified at V = 778 Âµm/s and G = 12 K/mm,140,
img_119.png,Cu-37.7Pb,"Upward directional solidification in longitudinal section, V = 4.4 Âµm/s",1000,
img_120.png,Cu-35.4Pb,"Upward directional solidification, V = 2.2 Âµm/s",500,
img_121.png,Sn,Etched with 10% FeCl3 + 2% HCl in H2O,200,
img_122.png,Sn,Etched with 10% FeCl3 + 2% HCl in H2O,200,35
img_123.png,Ge,Etched using HNO3-acetic-HF-bromine mixture,5,1500
img_124.png,Ge,Etched using HNO3-acetic-HF-bromine after annealing post-deformation,40,250
img_125.png,Ge,Etched using HNO3-acetic-HF-bromine after low-temperature deformation,40,200
img_126.png,Ge,Thin-foil electron micrograph,0.2,60
img_127.png,Au,Thin-foil transmission electron micrograph,0.5,24
img_128.png,Au,Thin-foil transmission electron micrograph,0.5,
img_129.png,Fe,Etched using 5% nital,40,250
img_130.png,-,Unetched,1000,10
img_131.png,-,-,300,40
img_132.png,G86200,Thermally etched 2 h at 925Â°C (1700Â°F),100,100
img_133.png,-,Directionally solidified; peritectic reaction stage 1,,
img_134.png,-,Directionally solidified; peritectic reaction stage 2,,
img_135.png,-,Directionally solidified; peritectic reaction stage 3,,
img_136.png,J94214,-,40,250
img_137.png,G10170,Etched with picral,20,500
img_138.png,-,As-polished,20,500
img_139.png,-,"Etched in 80% hydrogen peroxide, 15% distilled water, remainder hydrofluoric acid",50,300
img_140.png,-,"Etched in 80% hydrogen peroxide, 15% distilled water, remainder hydrofluoric acid",50,300
img_141.png,-,"Etched in 80% hydrogen peroxide, 15% distilled water, remainder hydrofluoric acid",50,300
img_142.png,-,"Etched in 80% hydrogen peroxide, 15% distilled water, remainder hydrofluoric acid",50,300
img_143.png,-,-,10,
img_144.png,-,-,50,
img_145.png,-,Etched with nital,100,
img_146.png,-,Etched with nital,100,
img_147.png,1.4% Cr,-,50,340
img_148.png,7% Cr,-,50,340
img_149.png,"15% Cr, low C",-,200,75
img_150.png,"15% Cr, medium C",-,200,75
img_151.png,"15% Cr, high C",-,200,75
img_152.png,Al-5.7Si (A319),Etched with 0.5% HF,100,
img_153.png,Al-11.9Si (A339),Etched with 0.5% HF,100,
img_154.png,Al-15Si (A390),Etched with 0.5% HF,100,
img_155.png,Al-4.10Cu (alloy 201),"Etched with 1 mL HBF4, 1 mL HF, 24 mL C2H5OH, 74 mL H2O electrolyte",250,
img_156.png,Al-4.10Cu (alloy 201),"Etched with 1 mL HBF4, 1 mL HF, 24 mL C2H5OH, 74 mL H2O electrolyte",25,
img_157.png,Al-4.36Cu (alloy A206),"Etched with 1 mL HBF4, 1 mL HF, 24 mL C2H5OH, 74 mL H2O electrolyte",250,
img_158.png,Al-4.36Cu (alloy A206),"Etched with 1 mL HBF4, 1 mL HF, 24 mL C2H5OH, 74 mL H2O electrolyte",25,
img_159.png,Al-7.6Mg (A518),Etched with 0.5% HF,25,
img_160.png,Al-4Mg-1.8Si (A512),Etched with 0.5% HF,250,
img_161.png,Al-2.60Cu-2.37Mg-6.56Zn-0.03Cr-0.09Fe-0.05Mn-0.01Ni-0.06Si-0.018Ti-0.10Zr (Al 7050),Cooled at 0.45 Â°C/s (0.8 Â°F/s),200,
img_162.png,Al-2.60Cu-2.37Mg-6.56Zn-0.03Cr-0.09Fe-0.05Mn-0.01Ni-0.06Si-0.018Ti-0.10Zr (Al 7050),Cooled at 0.45 Â°C/s (0.8 Â°F/s),200,
img_165.png,-,"Cast by Properzi (wheel-and-belt) method, etched using Tucker's reagent",10000,1
img_166.png,-,"Cast by Hazelett (two-belt) method, etched using Tucker's reagent",,
img_167.png,-,"Direct-chill semicontinuous cast without grain refiner, etched using Tucker's reagent",,
img_168.png,-,"Direct-chill semicontinuous cast with grain refiner, etched using Tucker's reagent",,
img_169.png,-,"Direct-chill cast without grain refiner, etched using Tucker's reagent",,
img_170.png,-,"Etched with Barker's reagent, observed under polarized light",200,50
img_171.png,-,"Outlining of grains using modified Poulton reagent (60% HCl, 30% HNO3, 5% HF, 5% H2O)",500,
img_172.png,-,Etched using Keller's reagent,50,
img_173.png,-,Deep etched and observed under scanning electron microscopy,10,1000
img_174.png,-,Etched using Keller's reagent,20,
img_175.png,-,Deep etched and observed under scanning electron microscopy,10,1000
img_176.png,Al-10Si,"Strontium-modified eutectic structure, source Ref 13",50,100
img_177.png,A356.0,"Strontium-modified eutectic structure, source Ref 14",300,100
img_178.png,A356.0,Sodium-modified eutectic structure,100,100
img_179.png,A356,"Etched using modified Poulton reagent (60% HCl, 30% HNO3, 5% HF, 5% H2O)",400,
img_180.png,A356.0,Observed under scanning electron microscopy on fractured tensile test surface,100,
img_181.png,Al-20Cu,-,200,
img_182.png,Al-20Cu,-,200,
img_183.png,A356,Etched using Keller's reagent,200,
img_184.png,A356,Etched using Keller's reagent,200,
img_185.png,Al-Si,Etched using 0.5% HF,200,
img_186.png,Al-Si,Observed under scanning electron microscopy,100,
img_187.png,Al-Si,Etched using 0.5% HF,200,
img_188.png,Al-Si,Observed under scanning electron microscopy,100,
img_189.png,Al-Si,Observed under scanning electron microscopy,20,
img_190.png,Al-5.6Zn-2.5Mg-1.6Cu,Etched using dilute Keller's reagent,40,
img_191.png,Al-Mn,Unpolished,,
img_192.png,Al-Cu-Mg,As-polished,400,
img_193.png,Al-3Cu,Observed under scanning electron microscopy,100,
img_194.png,Al-3Cu,Observed under scanning electron microscopy,50,
img_195.png,Al-1.0Si-0.5Fe,Etched using Tucker's reagent,,
img_196.png,Al-5.6Zn-2.5Mg-1.6Cu,As-polished,100,
img_197.png,-,Observed under scanning electron microscopy,20,
img_198.png,Ti,Heat treated for 1 h at 700 Â°C (1290 Â°F),500,
img_199.png,Ti (Î± + Î²),-,50,
img_200.png,Ti-6Al-4V,-,50,
img_201.png,Ti-13V-11Cr-3Al,-,500,
img_202.png,Ti-6Al-4V,"Etched using 10 mL HF, 5 mL HNO3, 85 mL H2O",200,
img_203.png,Ti-6Al-4V,"Etched using 10 mL HF, 5 mL HNO3, 85 mL H2O",50,
img_204.png,Ti-6Al-4V,"Etched using 10 mL HF, 5 mL HNO3, 85 mL H2O",50,
img_205.png,Ti-6Al-4V,"Slowly cooled from Î² phase and etched using 10 mL HF, 5 mL HNO3, 85 mL H2O",100,
img_206.png,Ti-24Al-17Nb,Observed under scanning electron microscopy,,
img_207.png,Ti-51Al-2Re,-,100,
img_208.png,Ti-50.5Al-2Re,-,50,
img_209.png,Ti-35Al,-,200,
img_210.png,Ti-51Al,-,100,
img_211.png,Ti-55Al,-,200,
img_212.png,Ti-48Al,-,50,
img_213.png,Ti-52Al,Transmission electron microscopy,50,
img_214.png,Ti-47Al with Ti-43Al-3Si seed,Directionally solidified at 40 mm/h (1.6 in./h),100,
img_215.png,-,Directionally solidified ingot grown at 5 mm/h (0.2 in./h),200,
img_216.png,Ti5Si3 (off-aligned part),Directionally solidified ingot grown at 5 mm/h (0.2 in./h),50,
img_217.png,Ti5Si3 (well-aligned part),Directionally solidified ingot grown at 5 mm/h (0.2 in./h),50,
img_218.png,Ti-46Al-0.5Si-0.5Re,Directionally solidified ingot,10,
img_219.png,Ti-46Al-0.5Si-0.5W,Directionally solidified ingot,10,
img_220.png,Ti-46Al-0.5Si-0.5Mo,Directionally solidified ingot,10,
img_221.png,Ti-44Al,Directionally solidified at 90 mm/h (3.5 in./h),300,
img_222.png,Ti-48Al,Directionally solidified at 90 mm/h (3.5 in./h),300,
img_223.png,Ti-47.5Al-2.5Mo,Directionally solidified at 90 mm/h (3.5 in./h),200,
img_224.png,Ti-47.5Al-2.5Mo,Directionally solidified at 360 mm/h (14 in./h),200,
img_225.png,Ti-Al-8Nb,As-cast,200,
img_226.png,Ti-Al-8Nb-0.3B,Backscattered electron imaging,100,
img_227.png,Ti-Al-8Nb-1B,Backscattered electron imaging,10,
img_228.png,Ti-44Al-8Nb-1B,As-cast ingot,100,
img_229.png,Ti-46Al-8Nb-1B,As-cast ingot,100,
img_230.png,Ti-48Al-2Cr-2Nb-1B,As-cast ingot,100,
img_231.png,Ti-50Al-2Cr-2Nb-1B,As-cast button form,100,
img_232.png,Ti-46Al-8Nb-1B,Investment cast test bars,50,
img_233.png,Ti-45Al-2Cr-2Nb,Arc-melted,25,
img_234.png,Ti alloy (Alpha case),Sand casting,250,
img_235.png,Ti alloy (Alpha case detail),Sand casting,50,
img_236.png,Ti-6Al-4V,Cylindrical casting (macrostructure),1000,
img_237.png,Ti-6Al-4V,Cylindrical casting (microstructure),100,
img_238.png,Ti-6Al-4V,Airfoil-shaped prototype spindle (macrostructure),500,
img_239.png,Ti-6Al-4V,Airfoil-shaped prototype spindle (microstructure),100,
img_240.png,Ti-6Al-4V,Float zone directional solidification bar (macrostructure),1000,
img_241.png,Ti-6Al-4V,Float zone directional solidification bar (microstructure),100,
img_242.png,Ti-6Al-4V,"Laser deposited, low-power Nd:YAG (macrostructure)",500,
img_243.png,Ti-6Al-4V,"Laser deposited, high-power CO2 (macrostructure)",500,
img_244.png,Ti-6Al-4V,"Laser deposited, low-power Nd:YAG (microstructure)",25,
img_245.png,Ti-6Al-4V,"Laser deposited, high-power CO2 (microstructure)",50,
img_246.png,Al-7Si (mass%),Simulation,50,
img_247.png,Al-7Si (mass%),Experimental micrograph,50,
img_248.png,Ti-52Al-48%Si-2Cr,Transmission electron microscopy,1,
img_249.png,6061 Al,Scanning electron microscopy,10,
img_250.png,AZ91,Transmission electron microscopy,0.5,
img_251.png,Ti-6Al-4V,Controlled cooling,100,
img_252.png,AZ80 (Zr-free),Cast and aged,20,
img_253.png,Mg-10Al (wt%),Annealed at 500 K for 40 min,2,
img_254.png,Mg-10Al (wt%),Annealed at 500 K for 20 min,10,
img_255.png,Au-30Ni,Aged at 425 Â°C for 50 min,100,
img_256.png,Cu-3.1Co,"70,000Ã",0.1,
img_257.png,Al-Cu,"720,000Ã",0.01,
img_258.png,Al-Cu,"63,000Ã",0.25,
img_259.png,Al-Cu,"18,000Ã",0.5,
img_260.png,Al-Cu,8000Ã,1,
img_261.png,Fe-28.5Cr-10.6Co (wt%),"225,000Ã",0.1,
img_262.png,Fe-Cu,-,0.5,
img_263.png,Fe-25Be (at.%),-,0.05,
img_264.png,Fe-25Be (at.%),-,0.05,
img_265.png,66.3Cu-30Ni-2.8Cr (wt%),"35,000Ã",0.5,
img_266.png,Cu-37.8 at.% Zn,-,500,
img_267.png,Fe-20 wt% Cu,-,50,
img_268.png,Fe-3.1 wt% Ni,-,200,
img_269.png,-,-,10,
img_270.png,-,-,10,
img_271.png,U-3.8% Si,500Ã,20,
img_272.png,Cd-25Ni,200Ã,50,
img_273.png,"Fe-based with W, Mo, Cr, V, and C",60Ã,200,
img_274.png,Zn-7Ni,200Ã,50,
img_275.png,Al-6U,700Ã,20,
img_276.png,U-3.8% Si,500Ã,20,
img_277.png,Al-6U,700Ã,20,
img_278.png,Zn-7Ni,200Ã,50,
img_279.png,Cu-20Sn,40Ã,200,
img_280.png,Cu-70Sn,100Ã,100,
img_281.png,Cu-20Sn,160Ã,100,
img_282.png,Sb-14Ni,200Ã,50,
img_283.png,Sb-14Ni,200Ã,50,
img_284.png,Sb-14Ni,200Ã,50,
img_285.png,Cd-10Cu,100Ã,100,
img_286.png,Cd-10Cu,100Ã,100,
img_287.png,Sn-50 wt% Sb,50Ã,,
img_288.png,Sn-17Co,200Ã,50,
img_289.png,Bi-40Au,200Ã,50,
img_290.png,Sn-17Co,200Ã,50,
img_291.png,Fe-1.12%C-1%Nb,100Ã,100,
img_292.png,-,Unidirectionally solidified; first stage of peritectic reaction,,
img_293.png,-,Unidirectionally solidified; subsequent peritectic transformation of stage (a),,
img_294.png,-,Unidirectionally solidified; advanced peritectic transformation stage,,
img_295.png,Fe-1.86C (wt%),Plate martensite formation; as-quenched condition,40,
img_296.png,Fe-30Ni-0.38C (wt%),As-quenched; plate martensite structure,50,
img_297.png,Fe-20Ni-1.2C (wt%),Cooled to 4 K to reveal plate martensite structure,30,
img_298.png,Fe-0.2C (wt%),Tempered at 700 Â°C (1290 Â°F) for 2 hours after martensitic transformation; Nital etch,20,
img_299.png,Fe-0.2C (wt%),Water-quenched condition before tempering,100,
img_300.png,Fe-0.2C (wt%),Tempered at 690 Â°C (1275 Â°F) for 1.5 Ã 10Â³ s,100,
img_301.png,Fe-0.2C (wt%),Tempered at 690 Â°C (1275 Â°F) for 1.03 Ã 10â´ s,100,
img_302.png,Fe-0.2C (wt%),Tempered at 690 Â°C (1275 Â°F) for 6.05 Ã 10âµ s,100,
img_303.png,Fe-1.2C (wt%),Water-quenched condition before tempering,10,
img_304.png,Fe-1.2C (wt%),Tempered at 690 Â°C (1275 Â°F) for 1.5 Ã 10Â³ s,10,
img_305.png,Fe-1.2C (wt%),Tempered at 690 Â°C (1275 Â°F) for 1.03 Ã 10â´ s,10,
img_306.png,Fe-1.2C (wt%),Tempered at 690 Â°C (1275 Â°F) for 6.05 Ã 10âµ s,10,
img_307.png,Ni-50.3Ti-2W (at.%),Water quenched from 550 Â°C (1020 Â°F); polished surface observed for relief effects,100,
img_308.png,Cu-26.7Zn-4Al (wt%),"Solution heated at 900 Â°C (1650 Â°F), quenched in ice bath, then cooled to liquid nitrogen temperature (Ms â 20 Â°C)",200,
img_309.png,Cu-11.8Al (wt%),"Heated to 900 Â°C (1650 Â°F), held 1 hour, water quenched; observed in polarized light",100,
img_310.png,Cu-11.4Al-5Mn-2.5Ni-0.4Ti (wt%),Melt spun at wheel speed of 6.5 m/s; examined under transmission electron microscopy,2,
img_311.png,Ni-37.5Al (at.%),Splat-cooled; observed under transmission electron microscopy,500,
img_312.png,Ni-37.5Al (at.%),Splat-cooled; observed under transmission electron microscopy,500,
img_313.png,Ti-44.7Ni-9Nb (at.%),8% deformed; observed under high-resolution transmission electron microscopy (HRTEM),0.002,
img_314.png,Ti (martensitic phase),Observed under transmission electron microscopy,0.1,
img_315.png,ZrOâ (single crystal),Observed under scanning electron microscopy after martensitic transformation,3,
img_316.png,MgO-PSZ,Observed under transmission electron microscopy,0.1,
img_317.png,HfOâ,Observed under high-temperature transmission electron microscopy,0.1,
img_318.png,Ti-Ni-Fe,Observed under microscopy showing self-accommodation of R-phase,5,
img_319.png,Ti-Ni-Cu,Observed under microscopy showing self-accommodation of martensite phase,1,
img_320.png,Cu-Zn,As-received sample showing multiple martensitic variants,100,
img_321.png,Cu-Zn,After thermomechanical training,100,
img_322.png,-,Observed using Nomarski differential interference contrast technique,20,
img_323.png,Fe-0.43C-2Si-3Mn (wt%),Partially transformed to upper bainite,1,
img_324.png,Fe-0.478C-4.87Ni (wt%),Transformed at 400 Â°C (750 Â°F),20,
img_325.png,Fe-0.485C-4.82Ni-1.55Si (wt%),Transformed at 400 Â°C (750 Â°F),20,
img_326.png,Fe-0.21C-8.81Ni (wt%),Transformed at 773 K for 3 min,20,
img_327.png,Fe-0.41C-8.74Ni (wt%),Transformed at 723 K for 3 min,20,
img_328.png,Fe-0.41C-8.74Ni (wt%),Transformed at 623 K for 10 min,20,
img_329.png,Fe-0.41C-8.74Ni (wt%),Isothermal decomposition at 493 K for 150 min,20,
img_330.png,Fe-0.3C-4Cr (wt%),Partially transformed at 668 K; light micrograph view,50,
img_331.png,Fe-0.3C-4Cr (wt%),Partially transformed at 668 K; transmission electron micrograph view,0.5,
img_332.png,-,"Austenitized, isothermally transformed at 300 Â°C (570 Â°F), and quenched",20,
img_333.png,-,Formed at 345 Â°C (650 Â°F),2.5,
img_334.png,-,Observed under TEM to show carbide precipitation within bainitic ferrite,0.5,
img_335.png,-,TEM observation of lower bainite structure,0.5,
img_336.png,Fe-1.34C (wt%),Austenitized at 1200 Â°C (2200 Â°F) for 15 min and isothermally transformed at 600 Â°C (1100 Â°F) for 2 s,1,
img_337.png,Fe-1.34C (wt%),Austenitized at 1200 Â°C (2200 Â°F) for 15 min and isothermally transformed at 550 Â°C (1020 Â°F) for 7 s,2,
img_338.png,-,"Replica electron microscopy observation of mixed microstructure (granular bainite, austenite, and martensite); austenite boundaries delineated by irregular particles",1,
img_339.png,-,Austenitized and isothermally transformed at 290 Â°C (550 Â°F) under 2400 MPa (24 kbar) pressure,10,
img_340.png,Cu-27.0Sn (wt%),Solution treated and isothermally transformed at 500 Â°C (930 Â°F) for 1 min,5,
img_341.png,Ti-4Ni (wt%),"Solution treated at 1000 Â°C (1800 Â°F) for 20 min and isothermally transformed at 750 Â°C (1400 Â°F) for 1 h; etched in 95% H2O, 4% HNO3, 1% HF",10,1000
img_342.png,NiCoCrAlYRe (coating) on IN-738 (substrate),Annealed at 1050 Â°C (1920 Â°F) for 1300 h; etched in 1% chromic acid solution at 5 Vdc,50,
img_343.png,NiCoCrAlYRe (coating) on IN-738 (substrate),Annealed at 940 Â°C (1725 Â°F) for 9720 h; etched in 1% chromic acid solution at 5 Vdc,100,
img_344.png,-,Rolled copper deformed to 5% cold reduction (cr),10,
img_345.png,-,Plane strain compression at 783 K (~0.8 Tm) and strain rate 5 sâ»Â¹ to ÎµvM = 1.5,5,
img_346.png,Fe,Rolled to 90% cold reduction,1,
img_347.png,Fe-3Si,Cold rolled 5% in (111)[11] orientation,0.5,
img_348.png,Fe-3Si,Cold rolled 20% in (111)[11] orientation,0.5,
img_349.png,FeâCrâNi,Cross rolled 90% at 200 Â°C (390 Â°F),1,
img_350.png,FeâCrâNi,Cross rolled 90% at 200 Â°C (390 Â°F); longitudinal cross section view,1,
img_351.png,Ni,Cold rolled 8% and annealed 2 h at 600 Â°C (1110 Â°F),2,
img_352.png,Fe-3Si,"Cold rolled 80% in (001)[110] orientation, as-rolled condition",0.5,
img_353.png,Fe-3Si,Annealed at 400 Â°C (750 Â°F) for 1280 min after 80% rolling,0.5,
img_354.png,Fe-3Si,Annealed at 600 Â°C (1110 Â°F) for 1280 min after 80% rolling,0.5,
img_355.png,Fe-3Si,Annealed at 800 Â°C (1470 Â°F) for 5 min after 80% rolling,0.5,
img_356.png,Fe,"Cold rolled 70% in (111)[10] orientation, as-rolled condition",1,
img_357.png,Fe,Annealed at 550 Â°C (1020 Â°F) for 20 min after 70% cold rolling,1,
img_358.png,-,Rolled and partially recrystallized; etched in 2% nital,100,
img_359.png,Fe-0.07% O,Deformed and partially recrystallized; etched in 2% nital,35,
img_360.png,Fe-0.10%C,Cold rolled 90% and annealed at 550 Â°C for 106 s; etched in nital,25,
img_361.png,Fe-0.10%C,Cold rolled 90% and annealed at 550 Â°C for 430 s; etched in nital,25,
img_362.png,Fe-0.10%C,Cold rolled 90% and annealed at 550 Â°C for 865 s; etched in nital,20,
img_363.png,Al-FeAl inclusions,Cold rolled 90% and heated in HVEM at 264 Â°C for 480 s,8,
img_364.png,Al-AlO,Cold rolled and annealed during recovery,1,
img_365.png,"Fe (high-purity, zone-refined)","Cold rolled, annealed repeatedly for recrystallization; normal grain growth at 800 Â°C (1470 Â°F) for 12 min; etched in 2% nital",1000,
img_366.png,Fe-18Cr-8Ni,"Rolled 90% at 800 Â°C (1470 Â°F), recrystallized at 1000 Â°C (1830 Â°F) for 30 min, then annealed at 1000 Â°C for 96 h for secondary recrystallization; electrolytic etch",500,
img_367.png,Ni-based alloy,Solidification with columnar grain growth; analyzed using electron backscatter diffraction (EBSD),1800,
img_368.png,Fe-C alloy screw in epoxy and phenolic resins,Mounted in thermosetting epoxy; polished edge observed,50,
img_369.png,Fe-C alloy screw in phenolic resin (Bakelite),Mounted in thermosetting phenolic resin; polished edge observed,50,
img_370.png,Cu-30Zn,Abraded on 220-grit silicon carbide paper; taper section prepared; etched with aqueous ferric chloride,40,
img_371.png,Cu-30Zn,Abraded and polished until about 5 Âµm of metal removed; etched with aqueous ferric chloride,40,
img_372.png,Cu-30Zn,Abraded and polished until about 15 Âµm of metal removed; etched with aqueous ferric chloride,40,
img_373.png,Fe-18Ni-8Cr,Abraded on 220-grit SiC paper; taper section prepared; electrolytic etch in oxalic acid,20,
img_374.png,Fe-18Ni-8Cr,Abraded on 600-grit SiC paper; polished until about 1 Âµm of metal removed; electrolytic etch in oxalic acid,20,
img_375.png,Fe-18Ni-8Cr,Abraded on 600-grit SiC paper; polished until about 3 Âµm of metal removed; electrolytic etch in oxalic acid,20,
img_376.png,-,Annealed; taper section abraded on 220-grit silicon carbide paper; polarized light used,50,150
img_377.png,-,Annealed; abraded on 220-grit silicon carbide paper and polished until ~2.5 Âµm removed,50,
img_378.png,-,Annealed; abraded on 220-grit silicon carbide paper and polished until ~15 Âµm removed,50,
img_379.png,-,Annealed; abraded on 220-grit silicon carbide paper and polished until ~45 Âµm removed,50,
img_380.png,-,Taper section abraded on 220-grit silicon carbide paper,40,1000
img_381.png,-,Abraded on 000 emery paper and lightly polished to remove scratches,40,
img_382.png,-,Abraded on 600-grit silicon carbide paper and lightly polished,40,
img_383.png,-,Abraded on 600-grit silicon carbide paper and polished longer than usual,40,
img_384.png,-,Belt abraded on 100-mesh Al2O3; taper section observed,,2000
img_385.png,-,Belt abraded on 100-mesh Al2O3; taper section observed,,
img_386.png,-,Abraded on abrasive belt and polished briefly to remove scratches,5,
img_387.png,-,Abraded on 600-grit silicon carbide paper and lightly polished,5,
img_388.png,-,Abraded on 600-grit silicon carbide paper and polished for longer duration,5,
img_389.png,-,Hardened but not tempered; abusively ground taper section,40,1200
img_390.png,-,Hardened; dark-etching tempered bands from dry belt grinding,40,
img_391.png,-,Hardened but not tempered; polished true structure,40,
img_392.png,-,Abraded on 220-grit silicon carbide paper,20,
img_393.png,-,Abraded on 600-grit silicon carbide paper,20,
img_394.png,-,Abraded on fine fixed-abrasive lap,20,
img_395.png,-,Abraded on 600-grit silicon carbide paper,100,
img_396.png,-,Abraded on fine fixed-abrasive lap,100,
img_397.png,-,Abraded on 600-grit silicon carbide paper,20,
img_398.png,-,Abraded on fine fixed-abrasive lap,20,
img_399.png,Al-13Si,Abraded on 600-grit silicon carbide paper,40,
img_400.png,Al-13Si,Abraded on fine fixed-abrasive lap,40,
img_401.png,-,Finished on 600-grit silicon carbide paper using water as fluid,40,
img_402.png,-,Finished on 600-grit silicon carbide paper using wax on abrasion surface,40,
img_403.png,-,Finished using a sledge microtome,40,
img_404.png,-,Abraded on 220-grit silicon carbide paper,20,
img_405.png,-,Abraded on 600-grit silicon carbide paper,20,
img_406.png,-,Abraded on fine fixed-abrasive lap,20,
img_407.png,"70% Cu, 30% Zn",Polished on fine Al2O3 and etched for short duration,40,
img_408.png,"70% Cu, 30% Zn",Polished on fine Al2O3 and etched for moderate duration,40,
img_409.png,"70% Cu, 30% Zn",Polished on fine Al2O3 and etched for long duration,40,
img_410.png,Fe with slag inclusions,"Abraded on fixed-abrasive lap, polished using 10â20 Âµm Al2O3 on billiard cloth",40,
img_411.png,Fe with slag inclusions,"Abraded on fixed-abrasive lap, polished using 4â8 Âµm diamond on synthetic suede cloth",40,
img_412.png,Al-13% Si,"Abraded on fixed-abrasive lap, polished using 10-20 Âµm Al2O3 on billiard cloth",40,
img_413.png,Al-13% Si,"Abraded on fixed-abrasive lap, polished using 4-8 Âµm diamond on synthetic suede cloth",40,
img_414.png,Fe-C alloy with graphite flakes,"Abraded on fixed-abrasive lap, polished using 10-20 Âµm Al2O3 on long-nap billiard cloth",40,
img_415.png,Fe-C alloy with graphite flakes,"Abraded on fixed-abrasive lap, polished using 1 Âµm diamond on synthetic suede short-nap cloth",40,
img_416.png,Fe-C alloy with graphite flakes,"Abraded on fixed-abrasive lap, polished using 1 Âµm diamond on cotton drill",40,
img_417.png,Fe-C alloy with graphite flakes,Taper section polished using 10-20 Âµm Al2O3 on long-nap billiard cloth,40,
img_418.png,Fe-C alloy with graphite flakes,Taper section polished using 1 Âµm diamond on short-nap synthetic suede,40,
img_419.png,Fe-C,"Rough polished on 1 Âµm diamond, finish polished 4 h on 0.1 Âµm Al2O3 using propylene glycol",20,
img_420.png,Fe-C,"Rough polished on 1 Âµm diamond, finish polished 4 h on 0.1 Âµm Al2O3 using 2-to-1 propylene glycol and water",20,
img_421.png,Fe-C,"Rough polished on 1 Âµm diamond, finish polished 4 h on 0.1 Âµm Al2O3 using water",20,
img_422.png,Fe-C,"Vibratory polished with 40 g load; rough polished on 1 Âµm diamond, finish polished 4 h on 0.1 Âµm Al2O3 in 2-to-1 propylene glycol-water",100,
img_423.png,Fe-C,"Vibratory polished with 70 g load; rough polished on 1 Âµm diamond, finish polished 4 h on 0.1 Âµm Al2O3 in 2-to-1 propylene glycol-water",100,
img_424.png,Fe-C,"Vibratory polished with 380 g load; rough polished on 1 Âµm diamond, finish polished 4 h on 0.1 Âµm Al2O3 in 2-to-1 propylene glycol-water",100,
img_425.png,Cu-Zn (Î±-Î² phases),"Polished with magnesia suspended in 3-to-1 propylene glycol-water, no NH4OH addition",20,
img_426.png,Cu-Zn (Î±-Î² phases),"Polished with magnesia suspended in 3-to-1 propylene glycol-water, optimal NH4OH addition",20,
img_427.png,Cu-Zn (Î±-Î² phases),"Polished with magnesia suspended in 3-to-1 propylene glycol-water, excessive NH4OH addition",20,
img_428.png,W,Polished by etch-attack technique using Al2O3 abrasive in aqueous KCN and NaOH,100,
img_429.png,W,Polished by electromechanical technique using Al2O3 abrasive in saturated aqueous NaOH,100,
img_430.png,Fe-C,Mounted in phenolic plastic; polished by standard technique,20,
img_431.png,Fe-C,Mounted in allyl plastic; polished by standard technique,20,
img_432.png,Fe-C,Mounted in polyvinyl formal plastic; polished by standard technique,20,
img_433.png,Fe-C,Epoxy mount with steel shot incorporated; finish polished by standard technique,20,
img_434.png,Fe-C,Epoxy mount with electrodeposited nickel edge coating; finish polished by standard technique,20,
img_435.png,Fe-C,Epoxy mount; finish polished on rigid napless pad with diamond abrasive,20,
img_436.png,Fe-C,Epoxy mount; finish polished using modified technique for improved edge retention,20,
img_437.png,-,Abraded on 6 Âµm diamond-plastic lap,20,
img_438.png,-,Polished for short period on cotton drill cloth charged with 6 Âµm diamond abrasive,20,
img_439.png,-,Polished further to remove chipping artifacts,20,
img_440.png,-,Abraded on 400-grit silicon carbide paper,1000,
img_441.png,-,Abraded on a fine fixed-abrasive lap,1000,
img_442.png,-,Abraded on a leadfoil lap coated with 1 Âµm diamond paste,1000,
img_443.png,-,Polished on 1 Âµm diamond abrasive on cotton drill cloth after abrasion,1000,
img_444.png,-,Final polishing by conventional method using fine Al2O3,250,
img_445.png,-,Final polishing by vibratory method using colloidal silica solution,250,
img_446.png,-,Final polishing by chemical polishing,250,
img_447.png,-,Final polishing using tap water as suspending liquid,20,
img_448.png,-,Final polishing using buffer solution with pH 7,20,
img_449.png,Al-2.8%Si,Finish polished using semiautomatic machine with napped cloth in alcohol suspension,20,
img_450.png,Al-2.8%Si,Finish polished using semiautomatic machine with napped cloth and carrier paste,40,
img_451.png,Al,Annealed and finish polished using colloidal silica,200,
img_452.png,Al-6.0%Si-3.5%Cu,Finish polished using colloidal silica and etched with Kellerâs reagent,50,
img_453.png,Al-19.9%Si,Prepared by semiautomatic method using diamond abrasives and colloidal silica,50,
img_454.png,Al-13%Si,Abraded on P800-grade silicon carbide paper and polished on 1 Âµm diamond,40,
img_455.png,Al-13%Si,Polished for longer time after P800-grade abrasion and diamond polishing,40,
img_456.png,-,Prepared by semiautomated procedure using diamond suspensions; final polishing with 1 Âµm diamond on satin-weave silk cloth,20,
img_457.png,Al-13.9%Si,Prepared by semiautomated procedure using diamond suspensions; final polishing with 1 Âµm diamond on satin-weave silk cloth,50,
img_458.png,-,Prepared by semiautomatic procedure using diamond suspensions; finish polished using 1 Âµm diamond abrasive,40,
img_459.png,-,Prepared by semiautomatic procedure using diamond suspensions; finish polished using 1 Âµm diamond abrasive,100,
img_460.png,-,Prepared by semiautomatic procedure using diamond suspensions; finish polished using colloidal silica,20,
img_461.png,-,Prepared by modified procedure using diamond abrasive suspension; hot extruded tube,100,
img_462.png,-,Prepared by modified procedure using diamond abrasive suspension; compressed uniaxially at 200 Â°C,25,
img_463.png,-,Abraded on polymer lap charged with 9 Âµm diamond,100,
img_464.png,-,Polished on woven silk cloth charged with 6 Âµm diamond abrasive for 3 min,100,
img_465.png,-,Further polished on napped cloth charged with 1 Âµm diamond abrasive,100,
img_466.png,Sn-18Ag-15Cu,Polished specimen coated with platinum oxide layer by reactive sputtering,25,
img_467.png,99.7%-Al2O3,Polished section thermally etched in air at 1400 Â°C for 1 h,20,
img_468.png,Cu-33Zn,Line-etched grains,50,
img_469.png,-,Macroetched in 50% aqueous HCl,25000,
img_470.png,-,Macroetched in 50% aqueous HCl,25000,
img_471.png,-,Macroetched in 50% HCl,25000,
img_472.png,-,Macroetched with 50% HCl solution,50000,
img_473.png,-,Macroetched with 50% HCl solution,50000,
img_474.png,-,Macroetched with 50% HCl solution,25000,
img_475.png,-,Macroetched with 50% HCl solution,50000,
img_476.png,-,Macroetched with 50% HCl solution,50000,
img_477.png,-,Macroetched with 50% HCl solution,50000,
img_478.png,-,Etched in 50% aqueous HCl,,
img_479.png,-,4% picral etch,50,
img_480.png,-,4% picral etch,50,
img_481.png,Fe-20Cr-33Ni-2.5Mo-3.5Cu-Nb+Ta,"Solution annealed; etched in 15 mL HCl, 10 mL acetic acid, 10 mL HNO3, and 2 drops glycerol",10,
img_482.png,Fe-20Cr-33Ni-2.5Mo-3.5Cu-Nb+Ta,"Solution annealed; etched in 15 mL HCl, 10 mL acetic acid, 10 mL HNO3, and 2 drops glycerol",10,
img_483.png,Fe-20Cr-33Ni-2.5Mo-3.5Cu-Nb+Ta,"Solution annealed; etched in 15 mL HCl, 10 mL acetic acid, 10 mL HNO3, and 2 drops glycerol",10,
img_484.png,Cu-8.9P,Swab etched with aqueous 3% (NH4)2S2O8 and 1% NH4OH,10,
img_485.png,Cu-8.9P,Swab etched with aqueous 3% (NH4)2S2O8 and 1% NH4OH,10,
img_486.png,Cu-8.9P,Swab etched with aqueous 3% (NH4)2S2O8 and 1% NH4OH,10,
img_487.png,Cu-11.8Al,As-polished,100,
img_488.png,Cu-11.8Al,As-polished,100,
img_489.png,Cu-11.8Al,As-polished,100,
img_490.png,Cu-11.8Al,As-polished,100,
img_491.png,-,As-polished,100,
img_492.png,-,"Chemically polished in 45 mL HNO3, 45 mL H2O2, and 10 mL HF",100,
img_493.png,-,"Chemically polished in 45 mL HNO3, 45 mL H2O2, and 10 mL HF",100,
img_494.png,-,2% nital,10,
img_495.png,-,2% nital,10,
img_496.png,-,2% nital,10,
img_497.png,-,Tint etched in 10% Na2S2O5,100,
img_498.png,-,Tint etched in 10% Na2S2O5,100,
img_499.png,-,Solution annealed and aged; etched in glyceregia,100,
img_500.png,-,Solution annealed and aged; etched in glyceregia,100,
img_501.png,-,Solution annealed and aged; etched in glyceregia,100,
img_502.png,U-33Al-25Co,Electrolytically etched,100,
img_503.png,Ni-based superalloy,Heat treated 100 h at 870 Â°C (1600 Â°F) to produce needlelike orthorhombic Ni3Nb,10,
img_504.png,Ni-based superalloy,Heat treated 100 h at 870 Â°C (1600 Â°F) to produce needlelike orthorhombic Ni3Nb,10,
img_505.png,Cr-Mo-V steel (low carbon),Thermally etched to reveal austenite grain boundaries at 1000 Â°C (1830 Â°F) on hot-stage microscope,,
img_506.png,Fe-C (high carbon),Quenched in hot stage; partial pearlite formed before martensite,,
img_507.png,Fe-C (high carbon),Same area as (a) after light polishing and etching,,
img_508.png,Fe-C (medium carbon),Photographed with medium-contrast film (Tri-X Ortho),,
img_509.png,Fe-C (medium carbon),Photographed with medium-contrast film (Tri-X Ortho),,
img_510.png,Fe-C (medium carbon),Photographed with medium-contrast film (Tri-X Ortho),,
img_511.png,Fe-C (medium carbon),Photographed with medium-contrast film (Tri-X Ortho),,
img_512.png,Fe-C (medium carbon),Photographed with high-contrast film (Contrast Process Ortho),,
img_513.png,Fe-C (medium carbon),Photographed with high-contrast film (Contrast Process Ortho),,
img_514.png,Fe-C (medium carbon),Photographed with high-contrast film (Contrast Process Ortho),,
img_515.png,Fe-C (medium carbon),Photographed with high-contrast film (Contrast Process Ortho),,
img_516.png,Fe-C (medium carbon),Photographed with medium-contrast film (Tri-X Ortho),,
img_517.png,Fe-C (medium carbon),Photographed with medium-contrast film (Tri-X Ortho),,
img_518.png,Fe-C (medium carbon),Photographed with medium-contrast film (Tri-X Ortho),,
img_519.png,Fe-C (medium carbon),Photographed with medium-contrast film (Tri-X Ortho),,
img_520.png,Fe-C (medium carbon),Photographed with high-contrast film (Contrast Process Ortho),,
img_521.png,Fe-C (medium carbon),Photographed with high-contrast film (Contrast Process Ortho),,
img_522.png,Fe-C (medium carbon),Photographed with high-contrast film (Contrast Process Ortho),,
img_523.png,Fe-C (medium carbon),Photographed with high-contrast film (Contrast Process Ortho),,
img_524.png,WC-12Co,Sintered hard metal used in metal cutting operations,250,
img_525.png,WC-12Co,Sintered; fractured during fracture toughness test,5,
img_526.png,WC-12Co,Sintered; sectioned through cracked region,5,
img_527.png,WC-12Co,Sintered; backscattered electron imaging at 15 keV,5,
img_528.png,Al-11.7Si-0.3Fe,Deep etched with hot sodium hydroxide for topographic contrast,10,
img_529.png,Al-11.7Si-0.3Fe,Freshly polished cross section; backscattered electron imaging,10,
img_530.png,Al-11.7Si-0.3Fe,Dipped in Mallete's reagent to form Mo oxide layer on silicon particles,10,
img_531.png,Fe-3.5Si,Mechanically lapped and electrolytically polished in 10% perchloric acid and 90% acetic acid,5,
img_532.png,Carbonaceous particles with hydrocarbons,Environmental SEM at 600 Pa (elevated pressure),2,
img_533.png,Carbonaceous particles with hydrocarbons,Conventional SEM at high vacuum (10â»Â³ Pa),2,
img_534.png,Carbonaceous particles with soluble components,"Environmental SEM at 91% RH, 5 Â°C (40 Â°F)",2,
img_535.png,"AlFeSiNi bright, Mg2Si and Si dark","Unetched cross section, backscattered electron image",10,
img_536.png,Same overall composition,"Deep etched using sodium hydroxide, secondary electron image",10,
img_537.png,Fine microstructure due to rapid solidification,Backscattered electron image of ductile fracture surface,20,
img_538.png,Coarse microstructure with large silicon plates,Backscattered electron image of brittle fracture surface,20,
img_539.png,Al matrix with ceramic fibers,Fracture surface imaged using SEM,50,
img_540.png,Dendritic Î± and Cu-rich phases,Deep etched in 32% HCl for 5 min at room temperature,20,
img_541.png,Al2O3 matrix with 10% ZrO2,Thermally etched surface observed by Î³-modulation,5,
img_542.png,Nickel fibers in silver matrix,Annealed at 900 Â°C (1650 Â°F) for 5 h,20,
img_543.png,Copper particles in loose stack,Heated to 600 Â°C (1110 Â°F) before sintering,100,
img_544.png,Copper spheres forming sintered necks,Sintered for 1 h at 1050 Â°C (1920 Â°F),100,
img_545.png,Copper spheres with grain growth,Sintered for 64 h at 1050 Â°C (1920 Â°F),100,
img_546.png,Tungsten particles wetted by liquid copper,Sintering in vacuum atmosphere,20,
img_547.png,Tungsten particles with reduced copper wetting,Sintering in oxygen-containing argon atmosphere,20,
img_548.png,Fe-Cr-Ni alloy,Gray-scale image of etched grains,100,
img_549.png,Sintered cerium oxide,Gray-scale image of sintered structure,2,
img_550.png,Fe-C alloy with pearlite regions,Gray-scale micrograph of etched structure,50,
img_551.png,Brass-lead alloy with microstructural defects,Gray-scale image of polished surface,50,
img_552.png,Titanium alloy matrix with silicon carbide fibers,"Gray-scale image, medium-quality specimen, fiber core detectable",100,
img_553.png,Titanium alloy matrix with silicon carbide fibers,"Gray-scale image, medium-quality specimen, full fibers detectable",100,
img_554.png,Titanium alloy matrix with silicon carbide fibers,"Gray-scale image, high-quality specimen, core not detectable",100,
img_555.png,High-carbon tool steel (Fe-C with W addition),Gray-scale image showing cementite particles,30,
img_556.png,Fe-C with temper carbon nodules,Gray-scale micrograph of malleable cast iron,100,
img_557.png,Fe-C-Si alloy with flake graphite,Gray-scale micrograph of gray cast iron,100,
img_558.png,Fe-C-Si alloy with spheroidal graphite,Gray-scale micrograph of nodular cast iron,100,
img_559.png,Fe-C-Si alloy,Gray-scale micrograph showing graphite morphology before classification,100,
img_560.png,Fe-C-Si alloy,Image analyzer output for irregular graphite classification,100,
img_561.png,Fe-C-Si alloy,Gray-scale micrograph showing flake graphite morphology,100,
img_562.png,Fe-C-Si alloy,Image analyzer output for flake graphite classification,100,
img_563.png,Al alloy matrix with SiC particles,Gray-scale micrograph for areal fraction analysis,60,
img_564.png,Al-Zn-Mg-Cu alloy,Gray-scale micrograph showing partially recrystallized grains,50,
img_565.png,Al-Zn-Mg-Cu alloy,Gray-scale micrograph with overlaid test grid for point counting,50,
img_566.png,Tungsten grains in Ni-Fe matrix,Gray-scale image of liquid-phase sintered alloy,50,
img_567.png,Cast Al-Si-Mg alloy with silicon in interdendritic regions,Gray-scale micrograph showing free path between silicon particles,100,
img_568.png,Al-Si alloy,Gray-scale micrograph showing dendritic structure,200,
img_569.png,Al-Si-Mg base alloy,Gray-scale micrograph of semisolid processed casting,500,
img_570.png,Mg-6Al-0.5Mn (approx.),Unetched microstructure from high-pressure die casting,200,
img_571.png,Fe-13Mn-1.3C (wt%),Isothermally transformed at suitable temperature,20,
img_572.png,Fe-13Mn-1.3C (wt%),Three-dimensional reconstruction after isothermal transformation,10,
img_573.png,Fe-3Ni-0.1C (wt%),Isothermal transformation micrograph,20,
img_574.png,Al-4Cu (approx.),Coarsened for 10 min at 553 Â°C (995 Â°F),100,
img_575.png,Al-4Cu (approx.),Three-dimensional reconstruction with eutectic phase omitted,100,
img_576.png,Ni-24.0Co-5.0Cr-2.5Mo-4.0Al-4.0Ti (wt%),"Solution treated at 1200 Â°C for 135 h, quenched, and aged 141.7 h at 1050 Â°C",2,
img_577.png,Fe-0.1C-1.5Mn (mass%),Reacted at 640 Â°C (1185 Â°F) for 40 s,50,
img_578.png,83W-11.9Ni-5.1Fe (wt%),Liquid phase sintered at 1780 K for 1 min in microgravity environment,,
img_579.png,Fe-based alloy,Optical micrograph of serial section 81 with Vickers indents,50,
img_580.png,Fe-based alloy,Optical micrograph of section 33 after cropping,10,
img_581.png,Native copper,Ammonium hydroxide/hydrogen peroxide etch,125,
img_582.png,Fe-Ni alloy,Nital etch,75,
img_583.png,Fe with slag inclusions,Nital etch,60,
img_584.png,Fe with slag inclusions,Nital etch,50,
img_585.png,Fe-C-Si alloy,Nital etch,50,
img_586.png,Fe-C alloy (hypereutectoid and cast iron mixture),Nital etch,50,
img_587.png,Fe-C alloy,"Nital etch, SEM secondary electron imaging",5,
img_588.png,Fe-C alloy,"Nital etch, SEM secondary electron imaging",10,
img_589.png,Fe-C alloy,Nital etch,300,
img_590.png,Fe-C alloy,Picric plus boiling picric acid etch,200,
img_591.png,Fe-C alloy,Picric plus boiling picric acid etch,200,
img_592.png,-,-,200,
img_593.png,-,-,200,
img_594.png,Fe-18Cr-8Ni alloy,Electrolytically etched in 10% oxalic acid solution,40,
img_595.png,Fe-Cr alloy (high carbon martensitic steel),Vilella's reagent,10,
img_596.png,Fe-Cr alloy (high carbon martensitic steel),Vilella's reagent,10,
img_597.png,Fe-Cr alloy (high carbon martensitic steel),Vilella's reagent,10,
img_598.png,Fe-Cr alloy (high carbon martensitic steel),Vilella's reagent,10,
img_599.png,Fe-Cr alloy (high carbon martensitic steel),Vilella's reagent,10,
img_600.png,Fe-0.6C alloy,Etched in 4% picral,50,
img_601.png,Fe-0.6C alloy,Etched in 4% picral,50,
img_602.png,Fe-C-Mn microalloyed steel,Etched in 2% nital,20000,
img_603.png,Fe-C-Mn microalloyed steel,Gold-coated acetate replica,20000,
img_604.png,Fe-C-Mn microalloyed steel,-,100,
img_605.png,Fe-C-Mn microalloyed steel,Gold-coated acetate replica,100,
img_605.png,Feâ1.5%Câ12%Crâ0.9%Moâ0.9%V,Vilella's reagent on original surface,10,200
img_606.png,Feâ1.5%Câ12%Crâ0.9%Moâ0.9%V,Vilella's reagent on original surface,50,200
img_607.png,Feâ3.5%Câ2.5%Siâ0.3%Mnâ0.05%Pâ0.02%S,4% picral on original surface,50,200
img_608.png,Feâ3.5%Câ2.5%Siâ0.4%Mnâ0.05%Pâ0.02%S,4% picral on original surface,50,200
img_609.png,Feâ3.4%Câ2.5%Siâ0.6%Mnâ0.1%Niâ0.1%Cr,Vilella's reagent on original surface,100,100
img_610.png,Feâ3.4%Câ2.5%Siâ0.6%Mnâ0.1%Niâ0.1%Cr,Vilella's reagent on original surface,50,200
img_611.png,-,Vilella's reagent,10,500
img_612.png,-,Vilella's reagent,10,500
img_613.png,Feâ3.7%Câ2.4%Siâ0.59%Mnâ0.025%Pâ0.01%Sâ0.095%Moâ1.4%Cu,As-polished (embedded),100,100
img_614.png,Feâ3.7%Câ2.4%Siâ0.59%Mnâ0.025%Pâ0.01%Sâ0.095%Moâ1.4%Cu,As-polished (unembedded),100,100
img_615.png,Feâ3.5%Câ2.95%Siâ0.40%Mnâ0.08%Pâ0.01%Sâ0.13%Niâ0.15%Cu,As-polished (unembedded),100,100
img_616.png,Feâ3.5%Câ2.95%Siâ0.40%Mnâ0.08%Pâ0.01%Sâ0.13%Niâ0.15%Cu,As-polished,100,100
img_617.png,Feâ3.5%Câ2.95%Siâ0.40%Mnâ0.08%Pâ0.01%Sâ0.13%Niâ0.15%Cu,As-polished,100,
img_618.png,Feâ3.5%Câ2.95%Siâ0.40%Mnâ0.08%Pâ0.01%Sâ0.13%Niâ0.15%Cu,As-polished,100,
img_619.png,Feâ2.9%Câ1.5%Siâ0.53%Mnâ0.06%Pâ0.22%Sâ0.08%Niâ0.1%Cuâ0.09%Crâ0.003%Bi,"Ground on P1000 SiC waterproof paper, annealed at 950 Â°C (1740 Â°F) for 10 h, furnace cooled to 720 Â°C (1330 Â°F) for 16 h, air cooled",25,
img_620.png,Feâ2.9%Câ1.5%Siâ0.53%Mnâ0.06%Pâ0.22%Sâ0.08%Niâ0.1%Cuâ0.09%Crâ0.003%Bi,Polished with 9 Âµm diamond suspension,25,
img_621.png,Feâ2.9%Câ1.5%Siâ0.53%Mnâ0.06%Pâ0.22%Sâ0.08%Niâ0.1%Cuâ0.09%Crâ0.003%Bi,Final polished with 1 Âµm diamond paste on napless cloth,25,
img_622.png,Feâ2.9%Câ1.5%Siâ0.53%Mnâ0.06%Pâ0.22%Sâ0.08%Niâ0.1%Cuâ0.09%Crâ0.003%Bi,Final polished with 1 Âµm diamond suspension on napped cloth,25,
img_623.png,Feâ3.2%Câ4.65%Crâ2.9%Mnâ0.51%Siâ0.050%Pâ0.024%S,"Austenitized at 1000 Â°C (1830 Â°F) for 1 h, furnace cooled to 400 Â°C (750 Â°F) for 2 h, salt bath at 400 Â°C (750 Â°F) for 4 h, air cooled, etched with glyceregia",20,
img_624.png,Feâ3.16%Câ8.86%Crâ0.50%Siâ3.04%Mnâ0.051%Pâ0.018%S,"Austenitized at 1000 Â°C (1830 Â°F) for 1 h, furnace cooled to 700 Â°C (1290 Â°F) for 2 h, salt bath at 700 Â°C (1290 Â°F) for 4 h, air cooled, etched with glyceregia",20,
img_625.png,Feâ3.8%Câ2.4%Siâ0.28%Mnâ1.0%Niâ0.05%Mg,"Annealed, etched with 2% nital",100,
img_626.png,Feâ2.8%Câ0.8%Siâ0.4%Mnâ0.1%Sâ0.35%Pâ0.3%Cr,Etched with 4% nital,20,
img_627.png,Feâ2.8%Câ0.8%Siâ0.4%Mnâ0.1%Sâ0.35%Pâ0.3%Cr,Etched with 4% picral,20,
img_628.png,Feâ1.57%Câ18.64%Crâ2.86%Mnâ0.53%Siâ0.036%Pâ0.013%S,Etched with glyceregia,20,
img_629.png,Feâ1.57%Câ18.64%Crâ2.86%Mnâ0.53%Siâ0.036%Pâ0.013%S,Etched with 4% nital,20,
img_630.png,Feâ3.07%Câ0.06%Mnâ2.89%Siâ0.006%Pâ0.015%Sâ0.029%Mg,Etched with 4% nital,15,500
img_631.png,Feâ3.33%Câ1.64%Siâ0.31%Mnâ1.37%Pâ0.107%S,Etched with 4% nital,8,1000
img_632.png,Feâ3.62%Câ2.03%Siâ1.13%Pâ0.61%Mnâ0.137%Sâ0.113%Crâ0.478%Niâ0.004%Al,Etched with 4% nital,20,
img_633.png,Feâ3.6%Câ2.5%Siâ0.056%Pâ0.052%Mgâ0.7%Cu,"Austempered at 900 Â°C for 2 h, salt bath at 360 Â°C for 2 min, air cooled, etched with 4% nital",10,
img_634.png,Feâ3.6%Câ2.5%Siâ0.056%Pâ0.052%Mgâ0.7%Cu,"Same sample as previous, etched with 4% picral",10,
img_635.png,Feâ3.6%Câ2.5%Siâ0.052%Mgâ0.7%Cu,"Austempered at 900 Â°C for 2 h, salt bath at 360 Â°C for 30 min, air cooled, etched with 4% nital",10,
img_636.png,-,Etched with 4% nital,8,1000
img_637.png,-,Etched with glyceregia,20,
img_638.png,Feâ4.52%Câ0.4%Siâ2.86%Mnâ35.0%Crâ0.06%Pâ0.012%S,Etched with glyceregia,20,
img_639.png,-,"Slightly etched with 4% nital, bright-field illumination",10,
img_640.png,-,"Slightly etched with 4% nital, dark-field illumination",10,
img_641.png,-,"Heat treated at 1000 Â°C for 1 h, furnace cooled to 400 Â°C for 2 h, salt bath at 400 Â°C for 4 h, air cooled, examined in bright-field illumination, etched with glyceregia",10,
img_642.png,-,"Same as previous, dark-field illumination",10,
img_643.png,-,"Examined with SEM, deeply etched with 50% HCl",20,
img_644.png,-,"Examined with SEM, deeply etched with 50% HCl",10,
img_645.png,Feâ2.8%Câ1.85%Siâ0.5%Mnâ0.04%Pâ0.025%S,As-polished,100,
img_646.png,Feâ2.1%Câ2.8%Siâ0.38%Mnâ0.06%Pâ0.03%S,As-polished,100,
img_647.png,Feâ3.5%Câ2.95%Siâ0.4%Mnâ0.08%Pâ0.02%Sâ0.13%Niâ0.15%Cu,As-polished,100,
img_648.png,Feâ2.18%Câ2.49%Siâ0.7%Mnâ0.06%Pâ0.05%S,As-polished,100,
img_649.png,Feâ3.3%Câ2.75%Siâ0.88%Mnâ0.42%Pâ0.086%S,As-polished,110,100
img_650.png,Feâ3.4%Câ3.4%Siâ0.07%Mnâ0.04%Pâ0.03%Crâ0.47%Cu,As-polished,100,
img_651.png,Feâ4.3%Câ1.5%Siâ0.5%Mnâ0.12%Pâ0.08%S,As-polished,100,
img_652.png,-,As-polished,100,
img_653.png,Feâ3.45%Câ2.25%Siâ0.30%Mnâ0.04%Pâ0.01%Sâ0.8%Niâ0.07%Mgâ0.55%Cu,As-polished,100,
img_654.png,Feâ3.6%Câ2.9%Siâ0.14%Mnâ0.04%Pâ0.02%Sâ0.16%Niâ0.06%Mg,As-polished,100,
img_655.png,-,As-polished,100,
img_656.png,-,As-polished,100,
img_657.png,-,As-polished,100,
img_658.png,Feâ3.6%Câ2.5%Siâ0.052%Mgâ0.7%Cu,As-polished,100,
img_659.png,Feâ3.7%Câ2.3%Siâ0.21%Mnâ0.03%Pâ0.01%Sâ0.82%Niâ0.02%Mg,As-polished,100,
img_660.png,Feâ2.65%Câ1.2%Siâ0.53%Mnâ0.06%Pâ0.21%Sâ0.08%Crâ0.10%Cuâ0.07%Niâ<0.01%Al,As-polished,100,
img_661.png,Fe-2.8%C-1.85%Si-1.05%Mn-0.04%P-0.025%S,"Etched with 4% nital, pearlitic matrix",100,
img_662.png,-,"Fine pearlite, same as Fig. 75",20,
img_663.png,-,"Pearlitic-ferritic matrix with phosphorous eutectic (E), etched with 4% nital",100,
img_664.png,-,"E, ternary phosphorous eutectic; P, pearlite; F, ferrite",20,
img_665.png,Fe-3.4%C-3.4%Si-0.07%Mn-0.04%P-0.03%Cr-0.47%Cu,"Ferritic-pearlitic matrix, etched with 4% nital",100,
img_666.png,Fe-3.4%C-3.2%Si-0.09%Mn-0.04%P-0.01%S-0.86%Cu-<0.01%Mg,"Ferritic matrix, etched with 4% nital",100,
img_667.png,Fe-3.7%C-1.25%Si-0.03%Mn-0.02%P-0.02%S-0.24%Ni-0.06%Mg,"Pearlitic matrix with ferritic halos around graphite nodules, etched with 4% nital",100,
img_668.png,-,"Ferritic-pearlitic matrix, etched with 4% nital",100,
img_669.png,-,"Annealed at 900Â°C, furnace cooled in stages, ferritic matrix, etched with 4% nital",100,
img_670.png,Fe-3.35%C-2.05%Si-0.08%Mn-0.04%P-0.02%Cr-0.02%Ni-0.045%Mg,"C, cementite; L, ledeburite; P, pearlite and ferrite around graphite nodules; etched with 4% nital",80,100
img_671.png,-,"C, cementite; L, ledeburite; F, ferrite; and P, pearlite",20,
img_672.png,Fe-2.7%C-2.85%Si-1.15%Mn-0.03%P-0.01%S-2.8%Cr-20.0%Ni-0.1%Mg,"Austenite and eutectic carbides type M7C3, etched with glyceregia",20,
img_673.png,-,"Acicular ferrite and austenite; austempered at 900Â°C, held 2 h, then salt bath at 360Â°C for 180 min, air cooled; etched with 4% nital",20,
img_674.png,-,"Acicular ferrite and austenite; austempered at 900Â°C, held 2 h, then salt bath at 380Â°C for 180 min, air cooled; etched with 4% nital",20,
img_675.png,-,"Martensite and small amount of acicular ferrite (AF); austempered at 900Â°C, held 2 h, salt bath at 300Â°C for 2 min, air cooled; etched with 4% nital",20,
img_676.png,Fe-2.8%C-1.9%Si-0.55%Mn-0.04%P-0.2%S-0.018%Mg,"Ferritic-pearlitic matrix, etched with 4% nital",100,
img_677.png,Fe-2.95%C-1.2%Si-0.53%Mn-0.06%P-0.21%S-0.08%Cr-0.10%Cu-0.07%Ni-<0.01%Al,"Annealed at 950Â°C for 10 h, furnace cooled to 720Â°C, held 16 h, air cooled; pearlitic-ferritic matrix; etched with 4% nital",80,100
img_678.png,Fe-2.9%C-1.5%Si-0.53%Mn-0.06%P-0.22%S-0.09%Cr-0.10%Cu-0.08%Ni-0.02%Al,"Annealed as in Fig. 92, ferritic matrix, etched with 4% nital",80,100
img_679.png,Fe-3.0%C-2.7%Si-0.45%Mn-0.07%P-0.025%S,"C, cementite; P, pearlite; etched with 4% nital",25,
img_680.png,-,"Network of massive cementite and tempered martensite, etched with 4% picral",50,
img_681.png,-,"PC, primary carbides; EC, eutectic carbides in martensitic matrix with fine, globular secondary carbides; heat treated at 1000Â°C for 1 h, furnace cooled to 550Â°C, held 4 h, salt bath 400Â°C, air cooled; etched with glyceregia",10,
img_682.png,Fe-C,-,20,
img_683.png,Fe-C,Cold-rolled to 30% reduction,20,
img_684.png,Fe-C,Cold-rolled to 50% reduction,20,
img_685.png,Fe-C,Cold-rolled to 70% reduction,20,
img_686.png,Fe-C,Cold-rolled to 90% reduction,20,
img_687.png,Fe-C,Heated in ferrite + austenite region,20,
img_688.png,Fe-C,-,50,
img_689.png,Fe-0.06%C,Massive carbides morphology,10,
img_690.png,Fe-0.06%C,Medium-sized carbides morphology,10,
img_691.png,Fe-0.06%C,"Small, dispersed carbides morphology",10,
img_692.png,Fe-0.04%C,Batch-annealed,20,
img_693.png,Fe-C,Slow-cooled,20,
img_694.png,Fe-C,Normalized,10,
img_695.png,Fe-C,-,20,
img_696.png,Fe-C,-,10,
img_697.png,Fe-C,"As-rolled, longitudinal plane",100,
img_698.png,Fe-C,"As-rolled, planar view",100,
img_699.png,Fe-C,"Forged, longitudinal plane",200,
img_700.png,Fe-C,"Forged, transverse plane",200,
img_701.png,Fe-C,Improperly ground surface showing scratches and deformation,50,
img_702.png,Fe-C,Properly ground surface showing true microstructure,50,
img_703.png,Fe-0.11%C-1.4%Mn-0.58%Si-0.12%Cr-0.08%Mo,As-cooled condition,10,
img_704.png,Fe-0.11%C-1.4%Mn-0.58%Si-0.12%Cr-0.08%Mo,Deformation zone from shearing,10,
img_705.png,Fe-C,"Hot-rolled, sectioned with abrasive cutoff wheel",25,
img_706.png,Fe-C,"Hot-rolled, sectioned with band saw",25,
img_707.png,Fe-C,"Hot-rolled, sectioned with shear",25,
img_708.png,Fe-C,"Heated during sectioning, tempered martensite in ferrite matrix",10,
img_709.png,Fe-C,"Heated during sectioning, tempered martensite and pearlite in ferrite matrix",10,
img_710.png,Fe-C,"Heated during sectioning, pearlite in ferrite matrix",10,
img_711.png,Fe-C,True microstructure after sectioning,10,
img_712.png,Fe-Ni,Mounted in thermosetting phenolic resin,100,
img_713.png,Fe-Ni,Mounted in castable epoxy,100,
img_714.png,Fe-Zn-polymer,Transmitted light through castable epoxy mount,50,
img_715.png,Fe-Zn-polymer,Brightfield illumination (reflected light),50,
img_716.png,Fe-C,Internally oxidized,10,
img_717.png,Fe-C,Mounted in a steel clamp,20,
img_718.png,Fe-C,Two specimens butted in a steel clamp,20,
img_719.png,Fe-C,-,100,
img_720.png,Fe-C,Fully decarburized,200,
img_721.png,Fe-C,"Improperly polished, showing comet tails",100,
img_722.png,Fe-C,"Properly polished, showing true microstructure",100,
img_723.png,Fe-C,Planar view showing large surface carbides,100,
img_724.png,Fe-C,Nondecarburized,50,
img_725.png,Fe-0.02%C,-,20,
img_726.png,Fe-C,Etched in 2% nital,25,
img_727.png,Fe-C,Etched in Marshall's reagent,25,
img_728.png,Fe-C,"High magnification, showing duplex ferrite grain size",20,
img_729.png,Fe-C,"Low magnification, showing true mixture of grain sizes",100,
img_730.png,Fe-0.04%C,Batch-annealed,20,
img_731.png,Fe-C,"Very-low-carbon, decarburized",50,
img_732.png,Fe-C,Tint etched with Beraha's reagent,10,
img_733.png,Fe-C,"Carburized, cementite darkened by boiling alkaline sodium picrate etch",20,
img_734.png,Zn-Al-Fe,Etched in 1% nitric acid in amyl alcohol,10,
img_735.png,Zn-Al,Etched by suspending coated surface over fuming nitric acid,50,
img_736.png,Zn-Al,Etched by suspending coated surface over fuming nitric acid,50,
img_737.png,Fe-0.4%C,Etched with 4% picral,50,
img_738.png,Fe-0.15%C,Etched with 4% picral + 2% nital,50,
img_739.png,Fe-1.8%Ni-0.8%Cr-0.25%C,"Quenched and tempered, etched with 4% picral + 2% nital",50,
img_740.png,Fe-C-Mn,"As-rolled, etched with 4% picral + 2% nital",50,
img_741.png,Fe-0.4%C,Etched with 4% picral,100,
img_742.png,Fe-0.4%C,Etched with 4% picral,20,
img_743.png,Fe-0.2%C,Etched with 4% picral,50,
img_744.png,Fe-0.4%C,"Spheroidized below A1 temperature, etched with 4% picral",10,
img_745.png,Fe-1.2%C,Etched with 4% picral,20,
img_746.png,Fe-0.8%C,Etched with 4% picral,50,
img_747.png,Fe-0.8%C,Etched with 4% picral,10,
img_748.png,Fe-0.8%C,Etched with 4% picral,1,
img_749.png,Fe-C-Cr-Mn,"Heat treated, etched with 4% picral + 2% nital",50,
img_750.png,Fe-C-Cr-Mn,Observed in transmission electron microscope,5,
img_751.png,Fe-C-Cr-Mn,Observed in transmission electron microscope,4,
img_752.png,Fe-C-Cr-Mn,Examined in transmission electron microscope,4,
img_753.png,Fe-C,Etched with 10% sodium metabisulfite tint etch,10,
img_754.png,Fe-C,"Water quenched, etched with 2% nital",50,
img_755.png,Fe-0.8%C,"Water quenched, etched with 10% sodium metabisulfite",10,
img_756.png,Fe-C,Etched with 2% nital,10,
img_757.png,Fe-C,Tempered plate martensite etched with 4% picral + 2% nital,10,
img_758.png,Fe-0.8%C,Etched with 4% picral,100,
img_759.png,Fe-C,Etched with 4% picral,100,
img_760.png,Fe-C,"Mounted, polished, and etched with 2% nital",100,
img_761.png,Fe-C,Etched with 2% nital,50,
img_762.png,Fe-C,Quenched and etched with 2% nital,50,
img_763.png,Fe-C,Quenched and etched with 2% nital,10,
img_764.png,Fe-C,Quenched and etched with 2% nital,10,
img_765.png,Fe-C,Etched with Marshall's reagent,10,
img_766.png,Fe-C,Etched with modified Marshall's reagent (with hydrofluoric acid),50,
img_767.png,Fe-C,"Quenched and tempered, etched with Marshall's reagent",50,
img_768.png,Fe-0.8%C,Etched with 4% picral,20,
img_769.png,Fe-C,"Quenched, etched with Winsteard's reagent",50,
img_770.png,Fe-C,"Quenched and tempered, etched with modified Winsteard's reagent",10,
img_771.png,Fe-C,"Quenched and tempered, etched with hot saturated aqueous picric acid",10,
img_772.png,Fe-C,"Quenched and tempered, etched with modified hot saturated aqueous picric acid",50,
img_773.png,Fe-C-Mn-Nb (approx.),"As-rolled, etched with 4% picral + 2% nital",50,
img_774.png,Fe-C,"Quenched, etched with 4% picral + 2% nital",10,
img_775.png,Fe-C-Cr-Mo-Ni,"Quenched and tempered, etched with 4% picral + 2% nital",50,
img_776.png,Fe-C-Mn,Tint etched with 10% sodium metabisulfite,10,
img_777.png,Fe-C,"Unetched (as-polished), observed in differential interference contrast",50,
img_778.png,Fe-C,"Unetched (as-polished), observed in differential interference contrast",20,
img_779.png,Fe-C,"Quenched and tempered, etched with hot saturated aqueous picric acid",50,
img_780.png,Fe-C-Ni-Mo,"Gas carburized 8 h at 940Â°C, oil quenched, tempered 1 h at 180Â°C, retempered 2 h at 260Â°C, nital etch",10,
img_781.png,Fe-C-Ni-Mo,"Gas carburized 8 h at 940Â°C, oil quenched, tempered 1 h at 180Â°C, retempered 2 h at 230Â°C, nital etch",10,
img_782.png,Fe-C-Ni-Mo,"Gas carburized 4 h at 940Â°C, oil quenched, tempered 1 h at 180Â°C, nital etch",10,
img_783.png,Fe-C-Ni-Mo,"Gas carburized 4 h at 955Â°C, austenitized 30 min at 820Â°C, oil quenched, nital etch",10,
img_784.png,Fe-C-Ni-Cr-Mo,"Pack carburized 16 h at 940Â°C, cooled in pot, nital etch",10,
img_785.png,Fe-C-Ni-Cr-Mo,"Pack carburized 16 h at 940Â°C, tempered 13 h at 595Â°C, air cooled, reheated to 795Â°C, oil quenched, tempered 1 h at 180Â°C, nital etch",10,
img_786.png,Fe-C-Mn-Cr-Mo,"Gas carburized 8 h at 925 Â°C, oil quenched, reheated to 845 Â°C for 15 min, oil quenched, and tempered 1 h at 170 Â°C",20,
img_787.png,Fe-C-Mn-Cr-Mo,"Gas carburized 8 h at 925 Â°C, oil quenched, reheated to 845 Â°C for 15 min, oil quenched, and tempered 1 h at 170 Â°C",100,
img_788.png,Fe-C-Ni-Cr-Mo,Normalized by austenitizing 2 h at 885 Â°C and cooled slowly in furnace,20,
img_789.png,Fe-C-Ni-Cr-Mo,Normalized by austenitizing 2 h at 885 Â°C and cooled in still air,50,
img_790.png,Fe-1.06%Mn-0.52%Cr-0.30%Ni-0.1%Mo,Plasma carburized and subjected to bending fatigue,20,
img_791.png,Fe-C-Ni-Cr-Mo,Gas carburized and subjected to bending fatigue,10,
img_792.png,Fe-C,Carbonitrided at high carbon potential and oil quenched,20,
img_793.png,Fe-C,Carbonitrided at 790 Â°C and oil quenched,50,
img_794.png,Fe-C-Ni-Cr-Mo,"Carbonitrided 4 h at 845 Â°C in 8% ammonia + 8% propane atmosphere, oil quenched, tempered 1.5 h at 150 Â°C",50,
img_795.png,Fe-C-Ni-Cr-Mo,"Carbonitrided as in previous, held 2 h at -75 Â°C before tempering to transform retained austenite",50,
img_796.png,Fe-C-Cr-Mo,Ion nitrided surface of quenched and tempered steel,20,
img_797.png,Fe-C-Cr-Mo-V,Tempered to 35 HRC and ion nitrided 36 h at 525 Â°C,20,
img_798.png,Fe-C-Cr-Mo,"Quenched and tempered to 30 HRC, then ion nitrided 24 h at 510 Â°C",20,
img_799.png,Fe-18%Ni,"Solution treated 1 h at 815 Â°C, surface activated, and gas nitrided 24 h at 440 Â°C",10,
img_800.png,Fe-18%Ni,"Solution treated 1 h at 815 Â°C, surface activated, and gas nitrided 24 h at 440 Â°C",10,
img_801.png,Fe-18%Ni,"Solution treated 1 h at 815 Â°C, surface activated, and gas nitrided 24 h at 440 Â°C",20,
img_802.png,Fe-C,Spheroidize annealed and etched with 4% picral to outline only cementite,20,
img_803.png,Fe-C,Spheroidize annealed and etched with 2% nital to reveal ferrite grain boundaries and cementite,20,
img_804.png,Fe-C,"Spheroidize annealed, etched lightly with 4% picral, and tint-etched with Klemm's I reagent",20,
img_805.png,Fe-C,Spheroidize annealed and etched with boiling alkaline sodium picrate for 60 s,20,
img_806.png,Fe-C,"Spheroidize annealed, lightly etched with 4% picral, and tint-etched with Beraha's Na2S2O3/K2S2O5 reagent",20,
img_807.png,Fe-C,"Spheroidize annealed, lightly etched with 4% picral, and tint-etched with Beraha's Na2MoO4 reagent",20,
img_808.png,Fe-C-Cr-Mo-V,"Austenitized at 1040 Â°C, air quenched, and tempered at 200 Â°C; etched with 10% nital",15,
img_809.png,Fe-C-Cr-Mo-V,"Austenitized at 1040 Â°C, air quenched, and tempered at 200 Â°C; etched with 4% picral plus HCl",15,
img_810.png,Fe-C-Cr-Mo-V,"Austenitized at 1040 Â°C, air quenched, and tempered at 200 Â°C; heat tinted at 540 Â°C for 5 min after 10% nital etch",15,
img_811.png,Fe-C-Cr-Mo-V,"Austenitized at 1040 Â°C, air quenched, and tempered at 200 Â°C; etched with superpicral reagent",15,
img_812.png,Fe-C,Overaustenitized at 925 Â°C and water quenched; etched with 2% nital,30,
img_813.png,Fe-C,Overaustenitized at 925 Â°C and water quenched; etched with 4% picral,30,
img_814.png,Fe-C,Overaustenitized at 925 Â°C and water quenched; etched with 5% aqueous sodium metabisulfite,30,
img_815.png,Fe-C,Overaustenitized at 925 Â°C and water quenched; etched with Beraha's Na2S2O3/K2S2O5 reagent,30,
img_816.png,Fe-1.05%C,Spheroidize annealed; etched with 4% picral to outline only cementite.,20,
img_817.png,Fe-1.05%C,Spheroidize annealed; etched with 2% nital to reveal ferrite grain boundaries and cementite.,20,
img_818.png,Fe-1.05%C,"Spheroidize annealed; lightly etched with 4% picral, then tint-etched with Klemm's I reagent.",20,
img_819.png,Fe-1.05%C,Spheroidize annealed; etched with boiling alkaline sodium picrate for 60 s.,20,
img_820.png,Fe-1.05%C,"Spheroidize annealed; lightly etched with 4% picral, then tint-etched with Beraha's NaâSâOâ/KâSâOâ reagent.",20,
img_821.png,Fe-1.05%C,"Spheroidize annealed; lightly etched with 4% picral, then tint-etched with Beraha's NaâMoOâ reagent.",20,
img_822.png,Fe-1.55%C-12%Cr-0.9%V-0.8%Mo,"Austenitized at 1040 Â°C, air quenched, tempered at 200 Â°C; etched with 10% nital.",15,
img_823.png,Fe-1.55%C-12%Cr-0.9%V-0.8%Mo,"Austenitized at 1040 Â°C, air quenched, tempered at 200 Â°C; etched with 4% picral plus HCl.",15,
img_824.png,Fe-1.55%C-12%Cr-0.9%V-0.8%Mo,"Austenitized at 1040 Â°C, air quenched, tempered at 200 Â°C; heat tinted at 540 Â°C for 5 min after 10% nital etch.",15,
img_825.png,Fe-1.55%C-12%Cr-0.9%V-0.8%Mo,"Austenitized at 1040 Â°C, air quenched, tempered at 200 Â°C; etched with superpicral.",15,
img_826.png,Fe-1%C,Overaustenitized at 925 Â°C and water quenched; etched with 2% nital.,30,
img_827.png,Fe-1%C,Overaustenitized at 925 Â°C and water quenched; etched with 4% picral.,30,
img_828.png,Fe-1%C,Overaustenitized at 925 Â°C and water quenched; etched with 5% aqueous sodium metabisulfite.,30,
img_829.png,Fe-1%C,Overaustenitized at 925 Â°C and water quenched; etched with Beraha's NaâSâOâ/KâSâOâ reagent.,30,
img_830.png,Fe-1.05%C,As-rolled and spheroidized under varying conditions,40,
img_831.png,Fe-0.98%C-0.74%Mn-0.14%Cr-0.19%Ni,Mill annealed (as-received),20,
img_832.png,Fe-0.96%C-0.66%Mn-0.23%Cr,Full annealed (as-received),20,
img_833.png,Fe-0.94%C-0.21%Mn,Mill annealed (as-received),20,
img_834.png,Fe-C-Ni-based,Spheroidize annealed,40,
img_835.png,Fe-C-Si-Mn-Mo,Spheroidize annealed,20,
img_836.png,Fe-C-Si-Mn,Spheroidize annealed,40,
img_837.png,Fe-C-Si-Mn-Cr-Mo,Spheroidize annealed,20,
img_838.png,Fe-C-Mn-Cr-Mo,Spheroidize annealed,20,
img_839.png,Fe-C-Mn-Cr-Mo,Partially spheroidized (lamellar pearlite visible),20,
img_840.png,Fe-C-Mn-Cr-Mo,Partially spheroidized (lamellar pearlite visible),20,
img_841.png,Fe-0.40%C-0.8%Si-5.25%Cr-1%V-1.35%Mo,Spheroidize annealed,20,
img_842.png,Fe-1.5%C-12%Cr,Spheroidize annealed,20,
img_843.png,Fe-0.9%C-1.0%Mn-0.5%Cr-0.5%W,Spheroidize annealed,20,
img_844.png,Fe-0.7%C-Ni-Mo,Spheroidize annealed,20,
img_845.png,Fe-C-Mo,Spheroidize annealed,20,
img_846.png,Fe-C,"Box annealed at 900 Â°C (1650 Â°F) for 1 h per 25 mm of container thickness, cooled â¤28 Â°C/h (50 Â°F/h)",20,
img_847.png,Fe-C,"As-received (mill annealed), transverse to rolling direction",200,
img_848.png,Fe-C-Cr,"Annealed by austenitizing at 870 Â°C (1600 Â°F) for 2 h, cooled at 28 Â°C/h (50 Â°F/h) to 540 Â°C (1000 Â°F), then air cooled",40,
img_849.png,Fe-C-Cr,"Annealed by austenitizing at 900 Â°C (1650 Â°F), cooled at 8.5 Â°C/h (15 Â°F/h) to 650 Â°C (1200 Â°F), then air cooled",40,
img_850.png,Fe-C,"Spheroidize annealed, transverse section",40,
img_851.png,Fe-C,"Spheroidize annealed, longitudinal section",40,
img_852.png,Fe-C,"Poorly carburized; polished using synthetic chemical-textile pad (3 steps, 10 min on step 3)",50,
img_853.png,Fe-C,Austenitized at 800 Â°C (1475 Â°F) for 1 h per 25 mm thickness,40,
img_854.png,Fe-C,Austenitized at 870 Â°C (1600 Â°F),40,
img_855.png,Fe-C,Austenitized at 980 Â°C (1800 Â°F),40,
img_856.png,Fe-C,Austenitized at 1100 Â°C (2010 Â°F),40,
img_857.png,Fe-C-Cr,Air quenched from 1010 Â°C (1850 Â°F),10,
img_858.png,Fe-C-Cr,Air quenched from 1065 Â°C (1950 Â°F),10,
img_859.png,Fe-C-Cr,Air quenched from 1120 Â°C (2050 Â°F),10,
img_860.png,Fe-C-Cr,Air quenched from 1175 Â°C (2150 Â°F),10,
img_861.png,Fe-C-Cr,Air quenched from 1230 Â°C (2250 Â°F),10,
img_862.png,Fe-C,Brine quenched; hardened case microstructure (64 HRC),10,
img_863.png,Fe-C,Brine quenched; hardened case microstructure,10,
img_864.png,Fe-C,Brine quenched; transition zone (55 HRC),10,
img_865.png,Fe-C,Brine quenched; core microstructure (42â44 HRC),10,
img_866.png,Fe-C,"Heated to 845 Â°C (1550 Â°F), water quenched, and tempered at 150 Â°C (300 Â°F)",10,
img_867.png,Fe-C-Ni-Mo,"Heated to 840 Â°C (1550 Â°F), oil quenched, and tempered at 150 Â°C (300 Â°F)",20,
img_868.png,Fe-C-Mn,"Heated to 850 Â°C (1560 Â°F), oil quenched, and tempered at 175 Â°C (350 Â°F)",20,
img_869.png,Fe-C,"Heated to 955 Â°C (1750 Â°F), oil quenched, and tempered at 150 Â°C (300 Â°F)",40,
img_870.png,Fe-C,"Heated to 955 Â°C (1750 Â°F), oil quenched, and tempered at 150 Â°C (300 Â°F)",40,
img_871.png,Fe-C,"Heated to 870 Â°C (1600 Â°F), oil quenched, and tempered at 175 Â°C (350 Â°F)",20,
img_872.png,Fe-C-Mn-S,"Heated to 900 Â°C (1650 Â°F), water quenched, and tempered at 525 Â°C (975 Â°F)",40,
img_873.png,Fe-C,"Heated to 940 Â°C (1725 Â°F), air quenched, and tempered at 200 Â°C (400 Â°F)",20,
img_874.png,Fe-C,"Heated to 940 Â°C (1725 Â°F), air quenched, and tempered at 495 Â°C (925 Â°F)",20,
img_875.png,Fe-C,"Heated to 840 Â°C (1550 Â°F), air quenched, and tempered at 150 Â°C (300 Â°F)",20,
img_876.png,Fe-C,"Heated to 1010 Â°C (1850 Â°F), air quenched, and double tempered at 510 Â°C (950 Â°F)",20,
img_877.png,Fe-C,"Heated to 1025 Â°C (1875 Â°F), air quenched, and double tempered at 595 Â°C (1100 Â°F)",20,
img_878.png,Fe-C,"Heated to 1200 Â°C (2200 Â°F), oil quenched, and tempered at 595 Â°C (1100 Â°F)",20,
img_879.png,Fe-C,"Heated to 1010 Â°C (1850 Â°F), air quenched, and tempered at 200 Â°C (400 Â°F)",20,
img_880.png,Fe-C,"Heated to 980 Â°C (1800 Â°F), oil quenched, and tempered at 200 Â°C (400 Â°F)",20,
img_881.png,Fe-C-Mo-W,"Heated to 1175 Â°C (2150 Â°F), oil quenched, and triple tempered at 480 Â°C (900 Â°F)",10,
img_882.png,Fe-C-Mo-W-V,"Heated to 1120 Â°C (2050 Â°F), oil quenched, and double tempered at 480 Â°C (900 Â°F)",10,
img_883.png,Fe-C-Mo-W-V,"Heated to 1220 Â°C (2225 Â°F), oil quenched, and double tempered at 480 Â°C (900 Â°F)",10,
img_884.png,Fe-C-Co-Mo-W-V,"Heated to 1175 Â°C (2150 Â°F), oil quenched, and triple tempered at 565 Â°C (1050 Â°F)",10,
img_885.png,Fe-C,"Austenitized at 800 Â°C, oil quenched, and tempered at 200 Â°C (400 Â°F)",20,
img_886.png,Fe-C,"Austenitized at 800 Â°C, oil quenched, and tempered at 315 Â°C (600 Â°F)",20,
img_887.png,Fe-C,"Austenitized at 800 Â°C, oil quenched, and tempered at 425 Â°C (800 Â°F)",20,
img_888.png,Fe-C,"Austenitized at 800 Â°C, oil quenched, and tempered at 540 Â°C (1000 Â°F)",20,
img_889.png,Fe-C,Austenitized at 940 Â°C and cooled at 2780 Â°C/h (5000 Â°F/h),40,
img_890.png,Fe-C,Austenitized at 940 Â°C and cooled at 1390 Â°C/h (2500 Â°F/h),40,
img_891.png,Fe-C,Austenitized at 940 Â°C and cooled at 830 Â°C/h (1500 Â°F/h),40,
img_892.png,Fe-C,Austenitized at 940 Â°C and cooled at 445 Â°C/h (800 Â°F/h),40,
img_893.png,Fe-C,Austenitized at 940 Â°C and cooled at 220 Â°C/h (400 Â°F/h),40,
img_894.png,Fe-C,"Austenitized at 940 Â°C, cooled at 28 Â°C/h (50 Â°F/h) to 620 Â°C, then water quenched",40,
img_895.png,Fe-C,Held at 704 Â°C (1300 Â°F) for 30 min before quenching,20,
img_896.png,Fe-C,Held at 704 Â°C (1300 Â°F) for 4 h before quenching,20,
img_897.png,Fe-C,Austenitized and isothermally transformed at 650 Â°C (1200 Â°F) for 4 h (air cooled),10,
img_898.png,Fe-C,"Austenitized, isothermally transformed at 595 Â°C (1100 Â°F) for 8 h (air cooled)",10,
img_899.png,Fe-C,"Austenitized, isothermally transformed at 540 Â°C (1000 Â°F) for 8 h, water quenched",10,
img_900.png,Fe-C,"Austenitized, isothermally transformed at 400 Â°C (750 Â°F) for 1 h, and air cooled",10,
img_901.png,Fe-W-C,Powder-made; slow cooled after hot isostatic pressing,10,
img_902.png,Fe-W-C,"Powder-made; hot isostatically pressed, forged, and annealed",10,
img_903.png,Fe-W-C,"Powder-made; heated to 1230 Â°C (2250 Â°F) for 5 min in salt, oil quenched, triple tempered 2 h each at 540 Â°C (1000 Â°F)",10,
img_904.png,Fe-W-C,"Same as hardened T15 but etched in 100 mL H2O, 1 mL HCl, 1 g K2S2O5, and 1 g NH4Â·HF",10,
img_905.png,Fe-Cr-Mo,Annealed; microstructure revealed using acetic glyceregia and aqueous 60% HNO3 at 1.2 V dc for 120 s,100,
img_906.png,Fe-26%Cr-1%Mo,Annealed sample continued from previous; alternate etching conditions,100,
img_907.png,Fe-Cr-Ni,"Solution-annealed and sensitized (1038 Â°C for 1 h, water quenched, aged at 650 Â°C for 2 h, air cooled)",100,
img_908.png,Fe-Cr-Ni-Mo,Solution-annealed and sensitized,100,
img_909.png,Fe-Cr-Ni-Mo,"Solution-annealed (954 Â°C, water quenched)",25,
img_910.png,Fe-Cr-Ni-Mo,Solution-annealed,100,
img_911.png,Fe-Cr-Ni-Mo,Solution-annealed,100,
img_912.png,Fe-Cr-Ni-Mo,Solution-annealed,100,
img_913.png,Fe-Cr-Ni-Mo,Solution-annealed,100,
img_914.png,Fe-Cr-Ni-Mo,Solution-annealed,100,
img_915.png,Fe-Cr-Ni,Aged at 816 Â°C for 160 h,10,
img_916.png,Fe-Cr-Ni,Aged at 816 Â°C for 160 h,20,
img_917.png,Fe-Cr-Ni-Mo,Sensitized,10,
img_918.png,Fe-Cr-Ni-Mo,Sensitized,10,
img_919.png,Fe-Cr-Ni-Cu,Solution-annealed and aged,20,
img_920.png,Fe-Cr-Ni-Cu,Solution-annealed and aged,20,
img_921.png,Fe-Cr-Ni-Cu,Solution-annealed and aged,10,
img_922.png,Fe-Cr-Ni-Cu,Solution-annealed and aged,20,
img_923.png,Fe-Cr-Ni-Cu,Solution-annealed and aged,10,
img_924.png,Fe-Cr-Ni-Mo,-,25,
img_925.png,Fe-Cr-Ni-Mo,-,25,
img_926.png,Fe-Cr-Ni-Mo,Plate,25,
img_927.png,Fe-Cr-Ni-Mo,Plate,25,
img_928.png,Fe-Cr-Ni-Mo,Plate,25,
img_929.png,Fe-Cr-Ni-Mo,Plate,25,
img_930.png,Fe-Cr-Ni-Mo,Plate,25,
img_931.png,Fe-Cr-Ni-Mo,Plate,25,
img_932.png,Fe-Cr-Ni-Mn,-,20,
img_933.png,Fe-Cr-Ni,-,20,
img_934.png,Fe-Cr-Ni-Mo,-,10,
img_935.png,Fe-Cr-Ni,-,50,
img_936.png,Fe-Cr-Ni-Mo,As-cast condition,50,
img_937.png,Fe-Cr-Ni-Mo,After solution annealing,50,
img_938.png,Fe-Cr-Ni,As-cast microstructure,200,
img_939.png,Fe-Cr-Ni,As-cast microstructure,100,
img_940.png,Fe-Cr-Ni-Mo,As-cast microstructure,100,
img_941.png,Fe-Cr-Ni-Mo,As-cast microstructure,20,
img_942.png,Fe-Cr-Ni,Cold worked,50,
img_943.png,Fe-Cr-Ni-Mo,Cold worked,20,
img_944.png,Fe-Cr-Ni-Nb,"Cold-drawn, reduced 5% in diameter",100,
img_945.png,Fe-Cr-Ni-Nb,"Cold-drawn, reduced 10% in diameter",100,
img_946.png,Fe-Cr-Ni-Nb,"Cold-drawn, reduced 15% in diameter",100,
img_947.png,Fe-Cr-Ni-Nb,"Cold-drawn, reduced 30% in diameter",100,
img_948.png,Fe-Cr-Ni-Mn-Mo,-,100,
img_949.png,Fe-Cr-Ni,Necklace-type condition,100,
img_950.png,Fe-Cr-Ni-Mo,-,100,
img_951.png,Fe-Cr-Ni,-,100,
img_952.png,Fe-Cr-Ni,Sensitized,25,
img_953.png,Fe-Cr-Ni,Sensitized,100,
img_954.png,Fe-Cr-Ni-Mo,Sensitized,100,
img_955.png,Fe-Cr-Ni-Mn,Resulfurized stainless steel,100,
img_956.png,Fe-Cr-Ni-Mn,Resulfurized stainless steel,100,
img_957.png,Fe-Cr-Ni-S,Resulfurized stainless steel,100,
img_958.png,Fe-Cr-Ni-S,Resulfurized stainless steel,20,
img_959.png,Fe-Cr-Ni-B,For nuclear reactor use (Nautilus-class submarines),10,
img_960.png,Fe-Cr-Ni-B,For nuclear reactor use (Nautilus-class submarines),10,
img_961.png,Fe-Cr-Ni-B,For nuclear waste containment,10,
img_962.png,Fe-Cr-Ni-B,For nuclear waste containment,10,
img_963.png,Fe-Cr-S,-,50,
img_964.png,Fe-Cr-Ni,Ferritic,25,
img_965.png,Fe-Cr-Ni,Ferritic,25,
img_966.png,Fe-Cr,Etched with modified Fry's reagent,10,
img_967.png,Fe-Cr,Etched with Ralph's reagent,25,
img_968.png,Fe-Cr,Annealed and etched with Ralph's reagent,10,
img_969.png,Fe-Cr,Annealed and tint etched with Beraha's sulfamic acid etch (No. 4),20,
img_970.png,Fe-Cr,Etched with Vilella's reagent,10,
img_971.png,Fe-Cr,Etched with modified Fry's reagent,10,
img_972.png,Fe-Cr,Austenitized at 1150 Â°C (2100 Â°F) and etched with Beraha's sulfamic acid No. 4 tint etch,10,
img_973.png,Fe-Cr,Austenitized at 1204 Â°C (2200 Â°F) and etched with Beraha's sulfamic acid No. 4 tint etch,10,
img_974.png,Fe-Cr,Austenitized at 1260 Â°C (2300 Â°F) and etched with Beraha's sulfamic acid No. 4 tint etch,50,
img_975.png,Fe-Cr,"Etched with Vilella's reagent, as-heat-treated condition",100,
img_976.png,Fe-Cr,Etched with Vilella's reagent after 100000 h at 350 Â°C (660 Â°F),100,
img_977.png,Fe-Cr,Etched with Vilella's reagent after 100000 h at 500 Â°C (930 Â°F),100,
img_978.png,Fe-Cr-Ni-Mo,As-cast and etched with Ralph's reagent,100,
img_979.png,Fe-Cr-Ni-Mo,As-cast and etched with Ralph's reagent,10,
img_980.png,Fe-Cr-Ni-Mo,As-cast and etched with 15 HCl-10 acetic acid-10 HNO3,100,
img_981.png,Fe-Cr-Ni-Mo,Etched with 15 HCl-10 acetic acid-10 HNO3 and viewed with Nomarski differential interference contrast,100,
img_982.png,Fe-Cr-Ni-Cu-Mo,As-cast and etched with waterless Kalling's reagent,200,
img_983.png,Fe-Cr-Ni-Cu-Mo,As-cast and etched with waterless Kalling's reagent,100,
img_984.png,Fe-Cr,As-cast and etched with Vilella's reagent,20,
img_985.png,Fe-Cr,As-cast and revealed using Ralph's reagent,100,
img_986.png,Fe-Cr,As-cast and revealed using Ralph's reagent,20,
img_987.png,Fe-Cr-Ni-Mo,Etched with waterless Kalling's reagent (light etch),10,
img_988.png,Fe-Cr-Ni-Mo,Etched with waterless Kalling's reagent (heavier etch),10,
img_989.png,Fe-Cr-Ni-Mo,Etched with modified Fry's reagent on transverse plane,10,
img_990.png,Fe-Cr-Ni-Mo,Etched with modified Fry's reagent on longitudinal plane,20,
img_991.png,Fe-Cr-Ni-Mo,Etched with modified Fry's reagent on transverse plane (alternate field),10,
img_992.png,Fe-Cr-Ni-Mo,Etched with modified Fry's reagent on longitudinal plane (alternate field),20,
img_993.png,Fe-Cr-Ni-Mo,As-hot-worked and etched with glyceregia,25,
img_994.png,Fe-Cr-Ni-Mo,As-hot-worked and etched with glyceregia,25,
img_995.png,Fe-Cr-Ni-Cu,"Revealed using Murakami's reagent (2 min at 100 Â°C, or 210 Â°F) on transverse plane near billet surface",100,
img_996.png,Fe-Cr-Ni-Cu,"Solution annealed and aged (H925 temper), etched with modified Fry's reagent",25,
img_997.png,Fe-Cr-Ni-Cu,"Solution annealed and aged (H900 temper), etched with Vilella's reagent",100,
img_998.png,Fe-Cr-Ni-Mo,Etched with modified Fry's reagent,20,
img_999.png,Fe-Cr-Ni-Cu,"Solution annealed and aged (H1050 temper), etched with modified Fry's reagent",10,
img_1000.png,Fe-Cr-Ni-Cu,"Solution annealed and aged (H1150 temper), etched with waterless Kalling's reagent",10,
img_1001.png,Fe-Cr-Ni-Mo-N,Etched with aqueous 20% NaOH at 3 V dc for 15 s to color ferrite; solution annealed at 1200 Â°C (2190 Â°F),50,
img_1002.png,Fe-Cr-Ni-Mo-N,Etched with aqueous 20% NaOH at 3 V dc for 15 s; after 2 h at 800 Â°C (1470 Â°F) producing Ï phase (dark spots),20,
img_1003.png,Fe-Cr-Ni-Mo-N,Etched with aqueous 20% NaOH at 3 V dc for 15 s; after 8 h at 800 Â°C (1470 Â°F),20,
img_1004.png,Fe-Cr-Ni-Mo-Cu,Etched with aqueous 20% NaOH at 3 V dc for 3 s,20,
img_1005.png,-,Solution-annealed condition (305 HV). Revealed using modified Fry's reagent,50,
img_1006.png,-,Solution-annealed and aged condition (523 HV). Revealed using modified Fry's reagent,10,
img_1007.png,-,Solution-annealed condition (319 HV). Revealed using modified Fry's reagent,50,
img_1008.png,-,Solution-annealed and aged condition (565 HV). Revealed using modified Fry's reagent,10,
img_1009.png,-,Solution-annealed and aged (596 HV). Etched with modified Fry's reagent,10,
img_1010.png,-,Solution-annealed and aged (535 HV). Etched with modified Fry's reagent,50,
img_1011.png,Similar to Table 1 steel 3,As-cast. 4% picral etch,100,
img_1012.png,Similar to Table 1 steel 2,Secondary electron image by electron microprobe,,
img_1013.png,Similar to Table 1 steel 2,P-map of same area as previous image,,
img_1014.png,-,"Solution annealed at 1060 Â°C, stepped down to 950 Â°C and water quenched. Etched with dilute aqua regia",10,
img_1015.png,-,"Solution annealed at 1060 Â°C, stepped down to 950 Â°C and water quenched. Etched with dilute aqua regia",20,
img_1016.png,-,"Cast, heat treated at 1095 Â°C for 2 h, and water quenched. Cyclic etch",100,
img_1017.png,-,Solution annealed at 1140 Â°C and water quenched. Same etch as Fig. 6(a),30,
img_1018.png,-,As-cast. Same etch as Fig. 6(a),100,
img_1019.png,-,"Cast, heat treated at 1090 Â°C and water quenched. Same etch as Fig. 6(a)",20,
img_1020.png,-,"Pearlitized at 595 Â°C for 12 h, air cooled, partially solutionized at 980 Â°C for 2 h and water quenched. 4% picral etch",20,
img_1021.png,-,"Same as previous, continued view of microstructure. 4% picral etch",20,
img_1022.png,-,As-cast. Etched with boiling alkaline sodium picrate,100,
img_1023.png,-,Heat treated at 1120 Â°C for 3 h and water quenched. Same etch as Fig. 18,100,
img_1024.png,Al-Si (hypoeutectic),As-cast unmodified alloy. Etched with 0.5% hydrofluoric acid,100,
img_1025.png,Al-Si (hypoeutectic),Modified alloy with 0.025% Na addition. Etched with 0.5% hydrofluoric acid,100,
img_1026.png,Cu-Be-Co,"Solution annealed at 900 Â°C, quenched, aged at 480 Â°C for 3 h. Etchant 6 (Table 3)",50,
img_1027.png,Cu-Be-Co,"Solution annealed at 980 Â°C for 3 h, aged at 480 Â°C for 3 h. Etchant 6 (Table 3)",100,
img_1028.png,Cu-Be,"Cast, homogenized, and hot worked. Etchant 1 (Table 3)",25,
img_1029.png,Cu-Be,As-cast. Etchant 6 (Table 3),50,
img_1030.png,Cu-Be,Solution annealed at 790 Â°C and aged at 315 Â°C for 3 h. Etchant 1 (Table 3),50,
img_1031.png,Cu-Be,Heated to 885 Â°C and water quenched. Etchant 1 (Table 3),25,
img_1032.png,Be-BeO,Vacuum hot-pressed block consolidated from impact-ground powder. As-polished,100,
img_1033.png,Be-BeO,Vacuum hot-pressed block consolidated from ball-milled powder. As-polished,100,
img_1034.png,Co-Cr-W-Ta,As-cast. Etched with Kalling's reagent,50,
img_1035.png,Co-Cr-W-Ta,As-cast. Etched with Kalling's reagent,10,
img_1036.png,Cu-0.024%O,As-cast hypoeutectic alloy; oxygen content 0.024%,100,
img_1037.png,Cu-0.09%O,As-cast hypoeutectic alloy; oxygen content 0.09%,100,
img_1038.png,Cu-0.18%O,As-cast hypoeutectic alloy; oxygen content 0.18%,100,
img_1039.png,Cu-0.23%O,As-cast hypoeutectic alloy; oxygen content 0.23%,100,
img_1040.png,Cu-0.44%O,As-cast hypereutectic alloy; oxygen content 0.44%,100,
img_1041.png,Cu-0.50%O,As-cast hypereutectic alloy; oxygen content 0.50%,100,
img_1042.png,Cu-0.70%O,As-cast hypereutectic alloy; oxygen content 0.70%,100,
img_1043.png,Cu-0.91%O,As-cast hypereutectic alloy; oxygen content 0.91%,100,
img_1044.png,-,Annealed to increase formability,20,
img_1045.png,-,Annealed to increase formability,20,
img_1046.png,AM60,"High-pressure die cast; etched with glycol etchant (etchant 2, Table 7)",10,
img_1047.png,AZ91D,"High-pressure die cast; etched with glycol etchant (etchant 2, Table 7)",10,
img_1048.png,AZ91D,High-pressure die cast; etched with glycol and viewed under polarized light plus sensitive tint filter,10,
img_1049.png,Pure Mg,As-polished condition viewed in cross polarized light using a microscope with a Foster prism and sensitive tint plate,200,
img_1050.png,AXJ530,Brightfield TEM image showing primary magnesium with aluminum in solid solution surrounded by a grain-boundary eutectic phase,2,
img_1051.png,Duranickel 301,"Solution annealed for 30 min at 980 Â°C and water quenched, aged for 20 h at 480 Â°C and water quenched",200,
img_1052.png,Monel R-405,Cold drawn and annealed in a continuous process at 830 Â°C,100,
img_1053.png,RenÃ© 41,"As-rolled condition etched using 15 mL HCl, 10 mL acetic acid, and 10 mL HNO3",100,
img_1054.png,-,As-cast condition,100,
img_1055.png,80Pt-20Cr (at.%),"Heat treated at 1200 Â°C for 3 days, furnace cooled, etched in aqua regia",,
img_1056.png,High-purity Nb,Rolled and annealed; chemically polished (solution A) for ~90 s and etched (solution B) for ~30 s,80,
img_1057.png,Nb-10Hf-1Ti-0.5Zr (C-103),Cold worked and annealed,100,
img_1058.png,Ta-2.5 wt% W,Chemically polished (solution A) for ~90 s and swab etched (solution B) for ~30 s,400,
img_1059.png,Ta-2.5 wt% W,Chemically polished (solution A) for ~90 s and swab etched (solution B) for ~90 s,400,
img_1060.png,Mo-47Re,"Warm worked from 38 mm to 16 mm diameter, hydrogen annealed 30 min at 1600 Â°C",100,
img_1061.png,Sn-13Sb-5Cu,Etched with reagent 7 (Table 1),50,
img_1062.png,Ti-6Al-2Sn-4Zr-2Mo,"Finish forged starting at 970 Â°C, air cooled, machined to 13 mm diameter, reheated to 995 Â°C (beta transus), held for 1 h, and air cooled",100,
img_1063.png,U-0.75Ti,Cooled from 800 Â°C at less than 1 Â°C/s,20,
img_1064.png,U-2.0Mo,As-cast condition,20,
img_1065.png,U-2.0Mo,Cooled from 800 Â°C at 4 Â°C/s (intermediate rate),100,
img_1066.png,U-6.0Nb,Electropolished with 5% H3PO4 and electroetched using procedure 2 in Table 5,20,
img_1067.png,22Cr-13Ni-5Mn,Unetched microstructure in as-received condition,200,
img_1068.png,22Cr-13Ni-5Mn,Electrolytically etched with (NH4)S2O8 and H2O solution for ~1 min at 3â5 V,500,
img_1069.png,22Cr-13Ni-5Mn,"Annealed and cold-worked, electrolytically etched with (NH4)S2O8 and H2O solution for ~1 min at 3â5 V",100,
img_1070.png,Co-Cr-Mo,"As-cast, electrolytically etched with (NH4)S2O8 and H2O at 3â5 V for 5â10 s",100,
img_1071.png,Co-Cr-Mo,"Hot isostatically pressed and solution annealed, electrolytically etched with (NH4)S2O8 and H2O at 3â5 V for 5â10 s",100,
img_1072.png,Co-Cr-Mo,Etched with hydrochloric acid and peroxide solution,100,
img_1073.png,Co-Cr-Mo (high carbon),"Wrought and forged, etched with hydrochloric acid and peroxide solution",70,
img_1074.png,Co-Cr-Mo (high carbon),Same as previous sample for comparison,70,
img_1075.png,-,Forged and annealed,100,
img_1076.png,-,As-cast,100,
img_1077.png,-,Cast and annealed,100,
img_1078.png,-,Etched,500,
img_1079.png,-,Wrought wire,100,
img_1080.png,Fe-27Co,"Cold-rolled strip, annealed 2 h in dry H2 at 925 Â°C (1700 Â°F) and furnace cooled",100,
img_1081.png,Fe-C,As-sintered,20,
img_1082.png,Fe-C,Quench-hardened and tempered,20,
img_1083.png,Fe-Cu,As-sintered,20,
img_1084.png,Fe-Cu,Quench-hardened and tempered,20,
img_1085.png,-,As-sintered,20,
img_1086.png,-,Quench-hardened and tempered,20,
img_1087.png,-,Liquid-phase sintering,100,
img_1088.png,Al-Si-Mg,As-formed,200,
img_1089.png,Al-Si-Mg,Reheated,200,
img_1090.png,Al-Si-Cu,As-formed from electromagnetically stirred billet,300,
img_1091.png,Al-Si-Cu,As-formed from grain refined billet,300,
img_1092.png,Al-Si-Mg,Semisolid metalworking,200,
img_1093.png,Al-Si-Mg,"As-formed, overheated billet",200,
img_1094.png,Mg-Al-Zn,Produced without stirring,300,
img_1095.png,Mg-Al-Zn,Electromagnetically stirred casting,300,
img_1096.png,Mg-Al-Zn,Indirect semisolid metalworking,300,
img_1097.png,W,As-coated,25,
img_1098.png,Fe-C,"Submerged arc weld, as-polished",50,280
img_1099.png,Ti-Al-V,"Gas tungsten arc weld, autogenous two-pass",100,100
img_1100.png,Fe-C-Ni-Cr-Mo,Submerged arc weld,200,50
img_1101.png,Al-Cu,Gas metal arc weld,50,200
img_1102.png,Fe-C,"Submerged arc single-V butt weld, last pass (12th)",20,500
img_1103.png,Fe-C,Submerged arc bead-on-plate weld,20,500
